update,actual_neval,stored_neval,residual,free_energy
1,4,4,0.01649493425269927,3.3917097998712267
2,6,6,0.01879237034369438,3.406057529260055
3,8,8,0.009420857356373085,3.3986626152008697
4,10,10,0.00935411309431929,3.3958079407444046
5,12,12,0.003983577342254215,3.396918652798335
6,14,14,0.0022339277623281894,3.3974660578963167
7,16,16,0.0015695086564670785,3.397640966425321
8,18,18,0.001256724301678395,3.3976326286030485
9,20,20,0.0009704772405445631,3.397734023890667
10,22,22,0.0005757221641024937,3.3977921625405276
11,24,24,0.0008607855895087951,3.397817151276665
12,26,26,0.0005306708671721448,3.397844325929343
13,28,28,0.00037861755780791096,3.3978016327605527
14,30,30,0.00038107636477386524,3.39777130372869
15,32,32,0.0003094056906844697,3.3977936687576236
16,34,34,0.00025770532730395044,3.3977923360870097
17,36,36,0.0002434066003852061,3.397765939041017
18,38,38,0.00023673728360938567,3.397754571305784
19,40,40,0.00014046684789750682,3.39777091304408
20,42,42,0.0001435690747029764,3.3977756931235783
21,44,44,0.00013714084011560675,3.397767082064644
22,46,46,6.991785773577692e-5,3.397772593576496
23,48,48,6.765906268744224e-5,3.397775668370138
24,50,50,5.154372469861895e-5,3.3977735928279857
25,52,52,4.244797131983508e-5,3.397772953542752
26,54,54,4.072473524028876e-5,3.3977729077669343
27,56,56,3.423706234472393e-5,3.3977723473524035
28,58,58,3.234414691624543e-5,3.397772809670786
29,60,60,3.027945603213679e-5,3.397774941115882
30,62,62,2.9865011808880452e-5,3.3977738667208888
31,64,64,2.491545868581748e-5,3.3977719821445582
32,66,66,2.764068651918277e-5,3.397771964148924
33,68,68,1.8916691415395572e-5,3.397772405160419
34,70,70,1.6377965363379793e-5,3.3977722861381316
35,72,72,2.1958197816503062e-5,3.397772135730503
36,74,74,1.26921190067146e-5,3.3977731025037867
37,76,76,1.1186819269299009e-5,3.39777359860605
38,78,78,1.2300848003053276e-5,3.397774009679962
39,80,80,9.376115605719787e-6,3.397773590242725
40,82,82,1.0208045158635469e-5,3.397773066438427
41,84,84,1.1915643441356854e-5,3.397772499521981
42,86,86,1.0329271606220784e-5,3.397772605451646
43,88,88,1.1586158260854654e-5,3.3977728502019247
44,90,90,9.135730033204498e-6,3.397772804463264
45,92,92,1.2569305517910034e-5,3.3977728200990596
46,94,94,9.03681350914282e-6,3.3977731707676533
47,96,96,8.101848306647796e-6,3.3977732917070433
48,98,98,8.900164324832371e-6,3.3977732898116084
49,100,100,6.4639828174827614e-6,3.3977729269849046
50,102,102,6.585715608492661e-6,3.397772836653152
51,104,104,6.520624358943895e-6,3.3977728997974372
52,106,106,4.4167814588932895e-6,3.3977729068861624
53,108,108,3.935300455477422e-6,3.3977729297828176
54,110,110,3.4428894079380076e-6,3.3977728827737863
55,112,112,2.026669556577025e-6,3.3977730337754277
56,114,114,2.1281046807679125e-6,3.3977730480275614
57,116,116,1.7683088343106569e-6,3.3977730692174877
58,118,118,1.19472714584579e-6,3.3977730600247504
59,120,120,1.1527768131506273e-6,3.3977730651615303
60,122,122,9.556018981813835e-7,3.3977730801570445
61,124,124,7.807145065838628e-7,3.3977730417248715
62,126,126,6.396081444892446e-7,3.397773029627194
63,128,128,5.002531826123346e-7,3.3977730150151224
64,130,130,4.358115264482488e-7,3.397773027617273
65,132,132,3.8635881058306593e-7,3.39777304303849
66,134,134,3.409475699509872e-7,3.3977730351721096
67,136,136,3.0888829706478317e-7,3.3977730394566024
68,138,138,2.3597382004082392e-7,3.3977730383412545
69,140,140,1.8873699855841896e-7,3.3977730438602975
70,142,142,1.5546811078448833e-7,3.397773038292539
71,144,144,1.3476808049080988e-7,3.3977730354137012
72,146,146,1.1914560013311413e-7,3.3977730318629877
73,148,148,1.0989059796298242e-7,3.3977730322152535
74,150,150,8.851929001564474e-8,3.3977730357257165
75,152,152,6.888412783606075e-8,3.397773037306214
76,154,154,6.394088084027849e-8,3.3977730364887915
77,156,156,4.729944421372038e-8,3.397773036737025
78,158,158,3.6120251722428464e-8,3.397773038345349
79,160,160,3.303818691563932e-8,3.3977730380223754
80,162,162,2.403407971297536e-8,3.3977730372209107
81,164,164,2.0604866721802834e-8,3.3977730363713565
82,166,166,1.668290020362089e-8,3.397773036499647
83,168,168,1.2861937472198524e-8,3.3977730365365506
84,170,170,1.0039236891629543e-8,3.3977730365674343
85,172,172,8.122054304648794e-9,3.3977730368875108
86,174,174,6.4953695788722785e-9,3.397773036759312
87,176,176,5.387696630377273e-9,3.3977730370707118
88,178,178,4.533326240637116e-9,3.3977730372177017
89,180,180,4.1390603469121464e-9,3.3977730371297845
90,182,182,3.6610582641727977e-9,3.3977730369472408
91,184,184,2.968913981569022e-9,3.3977730367295838
92,186,186,2.4157167013541896e-9,3.3977730367746943
93,188,188,1.9250677546468847e-9,3.397773036834944
94,190,190,2.0611978038518716e-9,3.3977730369232875
95,192,192,1.2141132116893217e-9,3.397773036944626
96,194,194,1.4834790552975929e-9,3.397773036942649
97,196,196,1.4505893011943177e-9,3.397773036976049
98,198,198,8.410011268310793e-10,3.397773036983841
99,200,200,8.458705693232538e-10,3.397773036958868
100,202,202,6.373746129426411e-10,3.3977730369206345
101,204,204,4.903857690141512e-10,3.397773036928207
102,206,206,5.352060931683818e-10,3.397773036912536
103,208,208,3.833470451744801e-10,3.397773036903426
104,210,210,3.0779146321657517e-10,3.3977730369148045
105,212,212,2.5916406317758625e-10,3.397773036933783
106,214,214,2.0766909459473844e-10,3.3977730369390926
107,216,216,1.9926616603597597e-10,3.3977730369375347
108,218,218,1.640638832987139e-10,3.3977730369312003
109,220,220,1.266483008157637e-10,3.397773036925523
110,222,222,9.986852177741649e-11,3.3977730369269246
