updater_name,scft_time_ms,q_time_ms,ncalls,ratio
SD,79591.593039,74173.8896,100,0.931931209916287
SD,79788.63261,74273.684218,100,0.930880525062303
SD,79854.894539,74332.015357,100,0.9308385639492304
SD,79824.986204,74343.96093,100,0.9313369718600045
SD,79529.194654,74000.28854,100,0.9304795410282464
AA_SD,95314.433127,75325.189949,101,0.790281046403899
AA_SD,95111.791459,75162.655478,101,0.7902559117541225
AA_SD,95300.891635,75339.976809,101,0.7905484987228681
AA_SD,95441.761757,75475.13532,101,0.7907978009895067
AA_SD,95649.373101,75679.615458,101,0.7912191476475947
OA_SD,180490.17974,149936.37638,202,0.8307176412366956
OA_SD,180865.392245,150000.776806,202,0.8293503524588561
OA_SD,181241.230208,150370.88768,202,0.8296726275110146
OA_SD,181598.580172,150754.242565,202,0.8301509979990704
OA_SD,181161.250513,150286.913122,202,0.8295753793729499
NA_SD,176836.045162,149874.89963,202,0.8475359166322635
NA_SD,177117.573676,150189.047931,202,0.8479624286505857
NA_SD,176907.049477,149930.268227,202,0.8475087265897377
NA_SD,177263.46733,150312.843843,202,0.8479629001229692
NA_SD,176896.7327,149921.515994,202,0.847508677552867
ETD,81303.283476,74389.652307,100,0.9149649205614083
ETD,81179.907253,74198.008165,100,0.9139947392864017
ETD,81564.288225,74520.335962,100,0.9136392603148963
ETD,81304.703994,74397.89011,100,0.9150502548473739
ETD,81485.021221,74522.896929,100,0.9145594590554545
AA_ETD,99195.210002,75330.711937,101,0.7594188462878516
AA_ETD,99943.102745,76149.647459,101,0.7619299918403789
AA_ETD,99133.297437,75305.132296,101,0.7596350998397587
AA_ETD,99005.90992,75203.90417,101,0.7595900510461163
AA_ETD,99419.988727,75558.785744,101,0.7599959194471333
OA_ETD,182676.676579,150098.992719,202,0.821664787918826
OA_ETD,182787.714749,150159.226052,202,0.8214951768404967
OA_ETD,182853.747635,150349.672037,202,0.8222400359937803
OA_ETD,183794.56594,151302.610172,202,0.8232159062928603
OA_ETD,182584.833401,150105.563434,202,0.8221140860277932
NA_ETD,178722.00522,150295.955719,202,0.8409482398879276
NA_ETD,180338.533609,151920.463481,202,0.84241820336848
NA_ETD,179361.780898,150884.36409,202,0.8412291812368063
NA_ETD,179223.656236,150823.161488,202,0.8415360151418712
NA_ETD,178702.233252,150280.061908,202,0.8409523438695923
SIS,81449.247601,74773.43671,100,0.9180371693093695
SIS,81152.178826,74467.341795,100,0.9176259081677511
SIS,81086.776374,74390.46017,100,0.9174179008780139
SIS,80968.816104,74286.091897,100,0.9174654573383363
SIS,81164.156607,74435.523363,100,0.9170984640845798
AA_SIS,98801.82807,75183.023749,101,0.7609476992240838
AA_SIS,98846.123654,75239.709469,101,0.7611801726526812
AA_SIS,98838.344369,75197.846124,101,0.760816529294124
AA_SIS,98801.139072,75350.860229,101,0.762651735969249
AA_SIS,98914.392718,75250.298003,101,0.7607618662486747
OA_SIS,181965.898764,149886.807826,202,0.8237082268936288
OA_SIS,180537.993412,150156.511497,202,0.8317169625029154
OA_SIS,182680.832266,150603.007873,202,0.8244050894935065
OA_SIS,182298.051562,150098.450545,202,0.823368375355077
OA_SIS,182352.448247,150133.248081,202,0.8233135859938746
NA_SIS,178074.890448,149983.015331,202,0.842246848804306
NA_SIS,179270.106854,151122.304297,202,0.8429866359151336
NA_SIS,178351.238215,150173.045078,202,0.842007303010526
NA_SIS,178366.440927,150187.395527,202,0.8420159910488272
NA_SIS,178505.606663,150274.644374,202,0.8418483160459093
