phase,algorithm,alpha,m,axis,grid,ds,solve_seconds,actual_neval,residual_mean,target_validated
bcc,aa_etd,1.0,30,baseline,"[27, 27, 27]",0.01,2.895865981,37,6.532693762273874e-11,True
bcc,aa_sd,0.8,30,baseline,"[27, 27, 27]",0.01,2.948618586,41,9.999248970232966e-11,True
bcc,aa_sis,1.0,30,baseline,"[27, 27, 27]",0.01,3.114823569,41,8.833714733875139e-11,True
bcc,na_etd,1.0,30,baseline,"[27, 27, 27]",0.01,4.323559502,68,7.961889972720163e-11,True
bcc,na_sd,0.2,50,baseline,"[27, 27, 27]",0.01,5.01407078,76,8.271287296458407e-11,True
bcc,na_sis,1.0,30,baseline,"[27, 27, 27]",0.01,4.528154527,70,9.949413556969718e-11,True
bcc,oa_etd,1.0,30,baseline,"[27, 27, 27]",0.01,4.495155796,70,6.01807630284065e-11,True
bcc,oa_sd,0.2,50,baseline,"[27, 27, 27]",0.01,4.872083776,76,9.981247367504516e-11,True
bcc,oa_sis,0.6,30,baseline,"[27, 27, 27]",0.01,4.691801461,72,6.652613292217732e-11,True
bcc,aa_etd,1.0,30,contour,"[27, 27, 27]",0.0075,3.619536183,39,7.046737284954986e-11,True
bcc,aa_sd,0.8,30,contour,"[27, 27, 27]",0.0075,3.954705799,44,9.629295855127566e-11,True
bcc,aa_sis,1.0,30,contour,"[27, 27, 27]",0.0075,4.161941899,44,7.93143010809215e-11,True
bcc,na_etd,1.0,30,contour,"[27, 27, 27]",0.0075,6.13233347,72,9.981395286433226e-11,True
bcc,na_sd,0.2,50,contour,"[27, 27, 27]",0.0075,6.68607281,82,8.972979390046017e-11,True
bcc,na_sis,1.0,30,contour,"[27, 27, 27]",0.0075,6.347114709,78,7.764495032900515e-11,True
bcc,oa_etd,1.0,30,contour,"[27, 27, 27]",0.0075,6.98151408,86,9.54839275039751e-11,True
bcc,oa_sd,0.2,50,contour,"[27, 27, 27]",0.0075,7.386026384,90,9.783635541423581e-11,True
bcc,oa_sis,0.6,30,contour,"[27, 27, 27]",0.0075,9.01561187,108,3.542670864439558e-11,True
bcc,aa_etd,1.0,30,contour,"[27, 27, 27]",0.005,5.376413651,42,7.709003694541187e-11,True
bcc,aa_sd,0.8,30,contour,"[27, 27, 27]",0.005,5.946802228,48,8.733403758796512e-11,True
bcc,aa_sis,1.0,30,contour,"[27, 27, 27]",0.005,6.136598426,48,8.75927822216197e-11,True
bcc,na_etd,1.0,30,contour,"[27, 27, 27]",0.005,9.132971223,80,8.367412249798742e-11,True
bcc,na_sd,0.2,50,contour,"[27, 27, 27]",0.005,9.962961602,88,9.122942891340182e-11,True
bcc,na_sis,1.0,30,contour,"[27, 27, 27]",0.005,9.531306829,84,9.840793653361082e-11,True
bcc,oa_etd,1.0,30,contour,"[27, 27, 27]",0.005,9.475775099,84,6.963037436391417e-11,True
bcc,oa_sd,0.2,50,contour,"[27, 27, 27]",0.005,11.411071833,100,3.6949129859847546e-11,True
bcc,oa_sis,0.6,30,contour,"[27, 27, 27]",0.005,10.182158003,90,8.22908269748055e-11,True
bcc,aa_etd,1.0,30,contour,"[27, 27, 27]",0.0025,10.184721216,44,8.567301344691933e-11,True
bcc,aa_sd,0.8,30,contour,"[27, 27, 27]",0.0025,11.586516938,51,9.917418155410168e-11,True
bcc,aa_sis,1.0,30,contour,"[27, 27, 27]",0.0025,11.887769722,52,6.247492546992916e-11,True
bcc,na_etd,1.0,30,contour,"[27, 27, 27]",0.0025,18.311311588,86,7.92922092019966e-11,True
bcc,na_sd,0.2,50,contour,"[27, 27, 27]",0.0025,19.567659621,92,9.597520421566675e-11,True
bcc,na_sis,1.0,30,contour,"[27, 27, 27]",0.0025,19.149846523,90,8.440103682774983e-11,True
bcc,oa_etd,1.0,30,contour,"[27, 27, 27]",0.0025,19.935343098,94,5.7092267650038395e-11,True
bcc,oa_sd,0.2,50,contour,"[27, 27, 27]",0.0025,23.501959815,110,9.913779041420165e-11,True
bcc,oa_sis,0.6,30,contour,"[27, 27, 27]",0.0025,21.258196793,100,6.408794853256937e-11,True
bcc,aa_etd,1.0,30,contour,"[27, 27, 27]",0.001,24.270440488,45,8.319811746749898e-11,True
bcc,aa_sd,0.8,30,contour,"[27, 27, 27]",0.001,27.992034218,53,8.02884956263912e-11,True
bcc,aa_sis,1.0,30,contour,"[27, 27, 27]",0.001,27.920545212,52,9.1981435832868e-11,True
bcc,na_etd,1.0,30,contour,"[27, 27, 27]",0.001,44.940371886,88,8.595269955938103e-11,True
bcc,na_sd,0.2,50,contour,"[27, 27, 27]",0.001,48.292338434,94,9.1413998694293e-11,True
bcc,na_sis,1.0,30,contour,"[27, 27, 27]",0.001,46.929543105,92,9.001025742755396e-11,True
bcc,oa_etd,1.0,30,contour,"[27, 27, 27]",0.001,49.728361103,96,8.432113160281283e-11,True
bcc,oa_sd,0.2,50,contour,"[27, 27, 27]",0.001,69.386340568,132,9.078418069308678e-11,True
bcc,oa_sis,0.6,30,contour,"[27, 27, 27]",0.001,49.741572154,98,9.34974577249188e-11,True
bcc,aa_etd,1.0,30,spatial,"[30, 30, 30]",0.01,3.231385922,37,6.538132671502807e-11,True
bcc,aa_sd,0.8,30,spatial,"[30, 30, 30]",0.01,3.39937289,41,8.776308636900581e-11,True
bcc,aa_sis,1.0,30,spatial,"[30, 30, 30]",0.01,3.615500171,41,8.754692184426388e-11,True
bcc,na_etd,1.0,30,spatial,"[30, 30, 30]",0.01,4.843554483,68,8.478020862988617e-11,True
bcc,na_sd,0.2,50,spatial,"[30, 30, 30]",0.01,5.444519017,76,8.379332903683835e-11,True
bcc,na_sis,1.0,30,spatial,"[30, 30, 30]",0.01,5.228826855,72,6.490150527355999e-11,True
bcc,oa_etd,1.0,30,spatial,"[30, 30, 30]",0.01,4.938665792,70,6.967539192533965e-11,True
bcc,oa_sd,0.2,50,spatial,"[30, 30, 30]",0.01,5.670633037,80,4.6552355207928836e-11,True
bcc,oa_sis,0.6,30,spatial,"[30, 30, 30]",0.01,5.685838204,80,9.88917006994942e-11,True
bcc,aa_etd,1.0,30,spatial,"[36, 36, 36]",0.01,5.584087898,37,6.545285675738492e-11,True
bcc,aa_sd,0.8,30,spatial,"[36, 36, 36]",0.01,5.89132615,41,9.578548535834432e-11,True
bcc,aa_sis,1.0,30,spatial,"[36, 36, 36]",0.01,6.275399989,41,8.804229294567079e-11,True
bcc,na_etd,1.0,30,spatial,"[36, 36, 36]",0.01,8.397746156,68,7.473065692669126e-11,True
bcc,na_sd,0.2,50,spatial,"[36, 36, 36]",0.01,9.400592101,76,8.353633095268205e-11,True
bcc,na_sis,1.0,30,spatial,"[36, 36, 36]",0.01,8.641356254,70,9.646579026690589e-11,True
bcc,oa_etd,1.0,30,spatial,"[36, 36, 36]",0.01,8.68755467,72,4.360151835043166e-11,True
bcc,oa_sd,0.2,50,spatial,"[36, 36, 36]",0.01,10.624306886,80,5.603192676448926e-11,True
bcc,oa_sis,0.6,30,spatial,"[36, 36, 36]",0.01,10.731433619,86,4.087052643494233e-11,True
bcc,aa_etd,1.0,30,spatial,"[42, 42, 42]",0.01,9.750786505,37,6.541646606219855e-11,True
bcc,aa_sd,0.8,30,spatial,"[42, 42, 42]",0.01,10.602636504,42,7.130043026005471e-11,True
bcc,aa_sis,1.0,30,spatial,"[42, 42, 42]",0.01,10.910115548,41,8.776524233133181e-11,True
bcc,na_etd,1.0,30,spatial,"[42, 42, 42]",0.01,14.823401806,68,7.799208099990013e-11,True
bcc,na_sd,0.2,50,spatial,"[42, 42, 42]",0.01,16.585419143,76,8.417394724177109e-11,True
bcc,na_sis,1.0,30,spatial,"[42, 42, 42]",0.01,15.135970462,70,9.956974609714494e-11,True
bcc,oa_etd,1.0,30,spatial,"[42, 42, 42]",0.01,15.364314302,70,8.780382194380725e-11,True
bcc,oa_sd,0.2,50,spatial,"[42, 42, 42]",0.01,18.400497974,80,4.8000347865545846e-11,True
bcc,oa_sis,0.6,30,spatial,"[42, 42, 42]",0.01,19.479344663,84,2.764685514770452e-11,True
bcc,aa_etd,1.0,30,spatial,"[48, 48, 48]",0.01,14.142242932,37,6.494992843656422e-11,True
bcc,aa_sd,0.8,30,spatial,"[48, 48, 48]",0.01,14.933523509,41,9.721121314430537e-11,True
bcc,aa_sis,1.0,30,spatial,"[48, 48, 48]",0.01,15.742709769,41,8.766079702555281e-11,True
bcc,na_etd,1.0,30,spatial,"[48, 48, 48]",0.01,21.172021892,68,7.69086271562598e-11,True
bcc,na_sd,0.2,50,spatial,"[48, 48, 48]",0.01,23.820009628,76,8.387298699667973e-11,True
bcc,na_sis,1.0,30,spatial,"[48, 48, 48]",0.01,21.937216369,70,8.932173032830961e-11,True
bcc,oa_etd,1.0,30,spatial,"[48, 48, 48]",0.01,22.471352752,68,9.428605307650747e-11,True
bcc,oa_sd,0.2,50,spatial,"[48, 48, 48]",0.01,26.813914064,80,8.580862942843348e-11,True
bcc,oa_sis,0.6,30,spatial,"[48, 48, 48]",0.01,24.922579599,74,4.846567179245008e-11,True
