Nx,algorithm,alpha,campaign,full_history_ms_per_eval,m,max_neval,mean_effective_history,mean_ms_per_eval,mean_neval,mean_seconds,min_neval,n,sd_ms_per_eval,sd_seconds
27,aa_etd,1.0,history,128.80049533999997,80,501,73.68,123.19571630658682,501,61.7210538696,501,5,0.15236650446459726,0.07633561873676283
27,aa_sis,1.0,history,81.43165684799997,30,501,29.13,80.50557735449098,501,40.33329425459998,501,5,0.18557789280492062,0.0929745242952655
27,aa_sd,0.8,history,57.371194660000015,10,501,9.91,57.32169325668664,501,28.718168321600007,501,5,0.08333050423132021,0.04174858261989224
27,na_etd,1.0,history,62.14218086199999,20,1002,19.62,61.86375491197605,1002,61.9874824218,1002,5,0.3371684021965264,0.33784273900091977
27,na_sis,1.0,history,101.13209238074997,80,1002,73.68,96.77923468782434,1002,96.97279315719999,1002,5,0.0736173007089521,0.07376453531036976
27,oa_etd,1.0,history,61.235435417500014,20,1002,19.62,60.97829279940121,1002,61.10024938500001,1002,5,0.04823534015930338,0.04833181083962041
27,aa_sis,1.0,history,99.8472411045,50,501,47.55,97.25590437405185,501,48.725208091399985,501,5,0.18113139862781025,0.09074683071253281
27,oa_sd,0.2,history,100.58883390199993,80,1002,73.68,96.93813832315368,1002,97.13201459979999,1002,5,0.5055689703742685,0.5065801083150189
27,oa_etd,1.0,history,105.7961357855,80,1002,73.68,100.80929882195612,1002,101.01091741960002,1002,5,0.3478322827018059,0.34852794726720937
27,oa_sis,0.6,history,101.12115678574999,80,1002,73.68,97.65019632455089,1002,97.84549671719999,1002,5,0.5662903302765043,0.5674229109370558
27,na_etd,1.0,history,56.00719692999999,10,1002,9.91,55.969448313173665,1002,56.081387209800006,1002,5,0.31594373581267593,0.31657562328429995
27,na_sis,1.0,history,62.33345682774999,20,1002,19.62,62.06101881716567,1002,62.1851408548,1002,5,0.2097673832440369,0.21018691801052675
27,oa_sd,0.2,history,54.717328545250005,10,1002,9.91,54.668302526347325,1002,54.777639131400015,1002,5,0.06638074165048231,0.06651350313378189
27,na_sd,0.2,history,67.43410046825001,30,1002,29.13,66.84565505648702,1002,66.9793463666,1002,5,0.0590366716281743,0.05915474497142787
27,na_etd,1.0,history,81.81702260425,50,1002,47.55,80.1253010742515,1002,80.28555167639999,1002,5,0.056319163760157234,0.05643180208767945
27,na_sd,0.2,history,80.74834183525,50,1002,47.55,79.02845929580836,1002,79.18651621439997,1002,5,0.13363468103809487,0.13390195040017158
27,na_etd,1.0,history,68.64328173999999,30,1002,29.13,68.04595544710578,1002,68.18204735799999,1002,5,0.13709829960059416,0.13737249619979683
27,aa_sis,1.0,history,61.6511016815,10,501,9.91,61.58702367624752,501,30.855098861800005,501,5,0.05659510059739942,0.02835414539929799
27,oa_etd,1.0,history,55.30230611424999,10,1002,9.91,55.24531830758484,1002,55.35580894420001,1002,5,0.10756392762755851,0.10777905548281479
27,aa_sis,1.0,history,71.24868045149996,20,501,19.62,70.8083809688623,501,35.47499886540001,501,5,0.16998437603328945,0.08516217239267763
27,oa_etd,1.0,history,79.01999508574997,50,1002,47.55,77.95031919800398,1002,78.10621983639999,1002,5,0.3446447448115069,0.3453340343011302
27,aa_etd,1.0,history,81.316884205,30,501,29.13,80.36282021516966,501,40.2617729278,501,5,0.11811044977963961,0.059173335339599044
27,oa_sis,0.6,history,61.40652332574999,20,1002,19.62,61.156453393213546,1002,61.27876629999998,1002,5,0.0914384715923694,0.09162134853555566
27,oa_sis,0.6,history,55.11435617825,10,1002,9.91,55.098115220359276,1002,55.2083114508,1002,5,0.0528475282298993,0.05295322328636069
27,aa_sd,0.8,history,66.22202555199999,20,501,19.62,65.82163084471054,501,32.97663705319998,501,5,0.17805855020342107,0.08920733365191189
27,aa_sd,0.8,history,94.58122575800002,50,501,47.55,92.06606066826346,501,46.12509639479999,501,5,0.12218679623395737,0.06121558491321196
27,aa_etd,1.0,history,71.85579857899998,20,501,19.62,71.4401132778443,501,35.7914967522,501,5,0.15894722424563687,0.07963255934706157
27,na_sis,1.0,history,81.63599069624999,50,1002,47.55,79.91918432375252,1002,80.07902269240002,1002,5,0.14524314809798106,0.14553363439417588
27,aa_sd,0.8,history,75.98515605049998,30,501,29.13,75.0393111081836,501,37.59469486519999,501,5,0.18787850541367657,0.0941271312122512
27,na_sd,0.2,history,100.29336541600003,80,1002,73.68,95.94040185868268,1002,96.13228266240003,1002,5,0.053639559236019464,0.053746838354487646
27,aa_sis,1.0,history,127.926260307,80,501,73.68,122.18284290459083,501,61.21360429520001,501,5,0.12630017370705254,0.06327638702723386
27,oa_sd,0.2,history,66.27588608475,30,1002,29.13,65.62761756387225,1002,65.75887279899999,1002,5,0.19534395598837498,0.19573464390035092
27,oa_sd,0.2,history,60.56186087575001,20,1002,19.62,60.27015717564871,1002,60.39069749000001,1002,5,0.28857996530317986,0.289157125233785
27,oa_sis,0.6,history,79.18464630574998,50,1002,47.55,78.1078899926148,1002,78.26410577260003,1002,5,0.2811664799854436,0.2817288129454169
27,oa_sd,0.2,history,78.27056878150002,50,1002,47.55,76.82554339081835,1002,76.97919447759999,1002,5,0.13396998749565375,0.13423792747064595
27,oa_etd,1.0,history,67.59334957075002,30,1002,29.13,67.03619389001999,1002,67.17026627780002,1002,5,0.26050975447041386,0.26103077397935454
27,oa_sis,0.6,history,67.51175769724999,30,1002,29.13,66.86610368263476,1002,66.99983589000003,1002,5,0.21955247596708874,0.21999158091902388
27,aa_etd,1.0,history,99.9964880685,50,501,47.55,97.4383260722555,501,48.816601362200004,501,5,0.30467443050488013,0.15264188968294654
27,na_sd,0.2,history,60.46151339899999,20,1002,19.62,60.16702295708583,1002,60.287357003,1002,5,0.10959311010851673,0.1098122963287338
27,na_sd,0.2,history,53.699249472,10,1002,9.91,53.631371695209594,1002,53.738634438600016,1002,5,0.24530710708066145,0.24579772129482344
27,aa_sd,0.8,history,121.97667266450004,80,501,73.68,115.55913154491022,501,57.89512490400002,501,5,0.3342237027299479,0.16744607506770323
27,na_sis,1.0,history,54.85687271875003,10,1002,9.91,54.79350860978046,1002,54.90309562700002,1002,5,0.08959319006506447,0.08977237644519427
27,na_etd,1.0,history,101.47487785149994,80,1002,73.68,97.4763216361277,1002,97.67127427939995,1002,5,0.1171385981009553,0.1173728752971566
27,na_sis,1.0,history,68.29452467975003,30,1002,29.13,67.66810276806387,1002,67.80343897360001,1002,5,0.060185305419256485,0.06030567603009163
27,aa_etd,1.0,history,62.33741844200001,10,501,9.91,62.226405899800405,501,31.175429355800002,501,5,0.2735750416512802,0.13706109586729204
