system,algorithm,n_opt_lambda,n_opt_m,n_opt_neval,n_opt_mean_seconds,n_opt_sd_seconds,time_opt_lambda,time_opt_m,time_opt_neval,time_opt_mean_seconds,time_opt_sd_seconds
bcc,aa_etd,1.0,30,37,2.7447,0.0167,1.0,10,39,2.5951,0.0199
bcc,aa_sd,0.8,30,41,2.8792,0.0205,0.8,30,41,2.8792,0.0205
bcc,aa_sis,1.0,30,41,3.0633,0.0193,1.0,30,41,3.0633,0.0193
bcc,na_etd,1.0,30,68,4.2129,0.0274,1.0,30,68,4.2129,0.0274
bcc,na_sd,0.2,50,76,4.7292,0.0457,0.2,80,76,4.7208,0.0428
bcc,na_sis,1.0,30,70,4.3458,0.0339,1.0,30,70,4.3458,0.0339
bcc,oa_etd,1.0,30,70,4.3573,0.0257,1.0,30,70,4.3573,0.0257
bcc,oa_sd,0.2,50,76,4.7503,0.0315,0.2,80,76,4.7492,0.0280
bcc,oa_sis,0.6,30,72,4.5205,0.0220,0.6,30,72,4.5205,0.0220
sigma,aa_etd,1.0,80,112,260.759519049,0.187641177324883,1.0,10,148,209.5852433592,0.4234412163904201
sigma,aa_sd,0.4,120,136,346.9997478424,0.3261452068466103,0.2,10,183,234.8231691602,0.9971602144464425
sigma,aa_sis,1.0,100,123,308.1586600836,0.3013956502982266,1.0,30,135,240.4555464752,0.5085198271439988
sigma,na_etd,0.6,100,218,420.9949822924,0.47775475574080173,0.6,50,230,382.4423787274,1.3277636795275
sigma,na_sd,0.2,120,268,558.3289741006,0.16819946090067817,0.8,50,288,479.5354884458,0.2604503477108383
sigma,na_sis,1.0,120,216,413.9842590514,0.4135249364178661,1.0,30,250,365.538516099,0.26751733910852366
sigma,oa_etd,0.8,120,222,505.9695351274,1.666773588745513,0.8,120,222,505.9695351274,1.666773588745513
sigma,oa_sd,0.2,160,280,712.1694917656,7.35026419968702,0.2,10,434,523.1121877682,9.962330627342546
sigma,oa_sis,0.8,120,222,501.3479921192,0.7277652129284189,0.8,120,222,501.3479921192,0.7277652129284189
