algorithm,lambda,m,target_validated,n_eval,estimated_seconds,n_eval_optimum,time_optimum
aa_etd,0.2,10,True,74,4.924014850128205,False,False
aa_etd,0.4,10,True,55,3.6597407669871793,False,False
aa_etd,0.6,10,True,44,2.9277926135897436,False,False
aa_etd,0.8,10,True,42,2.794711131153846,False,False
aa_etd,1.0,10,True,39,2.5950889075,False,True
aa_etd,0.2,30,True,50,3.7090004281981983,False,False
aa_etd,0.4,30,True,41,3.0413803511225224,False,False
aa_etd,0.6,30,True,39,2.8930203339945946,False,False
aa_etd,0.8,30,True,38,2.8188403254306307,False,False
aa_etd,1.0,30,True,37,2.744660316866667,True,False
aa_etd,0.2,50,True,53,3.9855500210905985,False,False
aa_etd,0.4,50,True,43,3.233559451073505,False,False
aa_etd,0.6,50,True,41,3.0831613370700857,False,False
aa_etd,0.8,50,True,39,2.932763223066667,False,False
aa_etd,1.0,50,True,39,2.932763223066667,False,False
aa_etd,0.2,80,True,53,3.9910351288,False,False
aa_etd,0.4,80,True,43,3.2380096328000003,False,False
aa_etd,0.6,80,True,41,3.0874045336,False,False
aa_etd,0.8,80,True,39,2.9367994344,False,False
aa_etd,1.0,80,True,39,2.9367994344,False,False
aa_sd,0.2,10,True,60,3.6299213172307696,False,False
aa_sd,0.4,10,True,57,3.448425251369231,False,False
aa_sd,0.6,10,True,51,3.085433119646154,False,False
aa_sd,0.8,10,True,52,3.145931808266667,False,False
aa_sd,1.0,10,True,50,3.024934431025641,False,False
aa_sd,0.2,30,True,49,3.4410020817439024,False,False
aa_sd,0.4,30,True,43,3.0196548880609755,False,False
aa_sd,0.6,30,True,43,3.0196548880609755,False,False
aa_sd,0.8,30,True,41,2.8792058235,True,True
aa_sd,1.0,30,True,41,2.8792058235,False,False
aa_sd,0.2,50,True,50,3.579678989007937,False,False
aa_sd,0.4,50,True,45,3.221711090107143,False,False
aa_sd,0.6,50,True,45,3.221711090107143,False,False
aa_sd,0.8,50,True,42,3.006930350766667,False,False
aa_sd,1.0,50,True,41,2.935336770986508,False,False
aa_sd,0.2,80,True,50,3.580965205952381,False,False
aa_sd,0.4,80,True,47,3.366107293595238,False,False
aa_sd,0.6,80,True,45,3.2228686853571427,False,False
aa_sd,0.8,80,True,42,3.0080107729999996,False,False
aa_sd,1.0,80,True,41,2.9363914688809523,False,False
aa_sis,0.2,10,True,78,5.064248057631579,False,False
aa_sis,0.4,10,True,60,3.895575428947368,False,False
aa_sis,0.6,10,True,58,3.7657229146491225,False,False
aa_sis,0.8,10,True,55,3.570944143201754,False,False
aa_sis,1.0,10,True,57,3.7007966574999993,False,False
aa_sis,0.2,30,True,51,3.8104636003609755,False,False
aa_sis,0.4,30,True,46,3.436888737580488,False,False
aa_sis,0.6,30,True,43,3.212743819912195,False,False
aa_sis,0.8,30,True,42,3.1380288473560976,False,False
aa_sis,1.0,30,True,41,3.0633138748,True,True
aa_sis,0.2,50,True,54,4.178502640760869,False,False
aa_sis,0.4,50,True,48,3.714224569565217,False,False
aa_sis,0.6,50,True,48,3.714224569565217,False,False
aa_sis,0.8,50,True,47,3.636844891032608,False,False
aa_sis,1.0,50,True,46,3.5594652124999997,False,False
aa_sis,0.2,80,True,54,4.186959941934783,False,False
aa_sis,0.4,80,True,48,3.721742170608696,False,False
aa_sis,0.6,80,True,48,3.721742170608696,False,False
aa_sis,0.8,80,True,48,3.721742170608696,False,False
aa_sis,1.0,80,True,46,3.5666695801666672,False,False
na_etd,0.2,10,True,84,4.76654324629,False,False
na_etd,0.4,10,True,86,4.880032371201667,False,False
na_etd,0.6,10,True,82,4.653054121378333,False,False
na_etd,0.8,10,True,80,4.539564996466667,False,False
na_etd,1.0,10,True,80,4.539564996466667,False,False
na_etd,0.2,30,True,74,4.58465810007451,False,False
na_etd,0.4,30,True,74,4.58465810007451,False,False
na_etd,0.6,30,True,72,4.460748421694118,False,False
na_etd,0.8,30,True,70,4.336838743313725,False,False
na_etd,1.0,30,True,68,4.212929064933333,True,True
na_etd,0.2,50,True,72,4.473591758047059,False,False
na_etd,0.4,50,True,74,4.597858195770588,False,False
na_etd,0.6,50,True,72,4.473591758047059,False,False
na_etd,0.8,50,True,70,4.34932532032353,False,False
na_etd,1.0,50,True,68,4.2250588826,False,False
na_etd,0.2,80,True,72,4.481000588435294,False,False
na_etd,0.4,80,True,74,4.605472827002941,False,False
na_etd,0.6,80,True,72,4.481000588435294,False,False
na_etd,0.8,80,True,70,4.356528349867647,False,False
na_etd,1.0,80,True,68,4.2320561112999995,False,False
na_sd,0.2,10,True,90,4.9750804551,False,False
na_sd,0.4,10,True,90,4.9750804551,False,False
na_sd,0.6,10,True,90,4.9750804551,False,False
na_sd,0.8,10,True,90,4.9750804551,False,False
na_sd,1.0,10,True,92,5.085637798546666,False,False
na_sd,0.2,30,True,78,4.802973808784211,False,False
na_sd,0.4,30,True,78,4.802973808784211,False,False
na_sd,0.6,30,True,78,4.802973808784211,False,False
na_sd,0.8,30,True,78,4.802973808784211,False,False
na_sd,1.0,30,True,78,4.802973808784211,False,False
na_sd,0.2,50,True,76,4.729172246066667,True,False
na_sd,0.4,50,True,76,4.729172246066667,False,False
na_sd,0.6,50,True,76,4.729172246066667,False,False
na_sd,0.8,50,True,76,4.729172246066667,False,False
na_sd,1.0,50,True,76,4.729172246066667,False,False
na_sd,0.2,80,True,76,4.720837796400001,False,True
na_sd,0.4,80,True,76,4.720837796400001,False,False
na_sd,0.6,80,True,76,4.720837796400001,False,False
na_sd,0.8,80,True,76,4.720837796400001,False,False
na_sd,1.0,80,True,76,4.720837796400001,False,False
na_sis,0.2,10,True,84,4.750830986385366,False,False
na_sis,0.4,10,True,84,4.750830986385366,False,False
na_sis,0.6,10,True,82,4.6377159629,False,False
na_sis,0.8,10,True,80,4.5246009394146345,False,False
na_sis,1.0,10,True,82,4.6377159629,False,False
na_sis,0.2,30,True,74,4.594137884437143,False,False
na_sis,0.4,30,True,74,4.594137884437143,False,False
na_sis,0.6,30,True,74,4.594137884437143,False,False
na_sis,0.8,30,True,72,4.469971995668572,False,False
na_sis,1.0,30,True,70,4.3458061069000005,True,True
na_sis,0.2,50,True,74,4.607385681333334,False,False
na_sis,0.4,50,True,74,4.607385681333334,False,False
na_sis,0.6,50,True,72,4.482861744,False,False
na_sis,0.8,50,True,72,4.482861744,False,False
na_sis,1.0,50,True,70,4.3583378066666665,False,False
na_sis,0.2,80,True,74,4.617399589746666,False,False
na_sis,0.4,80,True,74,4.617399589746666,False,False
na_sis,0.6,80,True,72,4.49260500624,False,False
na_sis,0.8,80,True,72,4.49260500624,False,False
na_sis,1.0,80,True,70,4.367810422733333,False,False
oa_etd,0.2,10,True,92,5.236872011536752,False,False
oa_etd,0.4,10,True,96,5.464562098994872,False,False
oa_etd,0.6,10,True,102,5.806097230182051,False,False
oa_etd,0.8,10,True,84,4.781491836620512,False,False
oa_etd,1.0,10,True,78,4.439956705433333,False,False
oa_etd,0.2,30,True,92,5.7267772547257145,False,False
oa_etd,0.4,30,True,74,4.606320835322857,False,False
oa_etd,0.6,30,True,76,4.730815993034286,False,False
oa_etd,0.8,30,True,80,4.979806308457143,False,False
oa_etd,1.0,30,True,70,4.3573305199000005,True,True
oa_etd,0.2,50,True,98,6.145353608100001,False,False
oa_etd,0.4,50,True,74,4.640369051014286,False,False
oa_etd,0.6,50,True,70,4.3895382915,False,False
oa_etd,0.8,50,True,72,4.514953671257143,False,False
oa_etd,1.0,50,True,70,4.3895382915,False,False
oa_etd,0.2,80,True,80,5.038234857409524,False,False
oa_etd,0.4,80,True,74,4.660367243103809,False,False
oa_etd,0.6,80,True,70,4.408455500233333,False,False
oa_etd,0.8,80,True,72,4.534411371668571,False,False
oa_etd,1.0,80,True,70,4.408455500233333,False,False
oa_sd,0.2,10,True,98,5.4452859546333325,False,False
oa_sd,0.4,10,True,96,5.334157669844897,False,False
oa_sd,0.6,10,True,96,5.334157669844897,False,False
oa_sd,0.8,10,True,96,5.334157669844897,False,False
oa_sd,1.0,10,True,96,5.334157669844897,False,False
oa_sd,0.2,30,True,88,5.578517447546666,False,False
oa_sd,0.4,30,True,82,5.198163985213939,False,False
oa_sd,0.6,30,True,88,5.578517447546666,False,False
oa_sd,0.8,30,True,84,5.324948472658182,False,False
oa_sd,1.0,30,True,84,5.324948472658182,False,False
oa_sd,0.2,50,True,76,4.750260362733333,True,False
oa_sd,0.4,50,True,84,5.2502877693368415,False,False
oa_sd,0.6,50,True,80,5.000274066035088,False,False
oa_sd,0.8,50,True,80,5.000274066035088,False,False
oa_sd,1.0,50,True,80,5.000274066035088,False,False
oa_sd,0.2,80,True,76,4.749194048666666,False,True
oa_sd,0.4,80,True,84,5.24910921168421,False,False
oa_sd,0.6,80,True,80,4.999151630175438,False,False
oa_sd,0.8,80,True,80,4.999151630175438,False,False
oa_sd,1.0,80,True,80,4.999151630175438,False,False
oa_sis,0.2,10,True,88,4.997746191256296,False,False
oa_sis,0.4,10,True,84,4.770575909835555,False,False
oa_sis,0.6,10,True,90,5.1113313319666664,False,False
oa_sis,0.8,10,True,90,5.1113313319666664,False,False
oa_sis,1.0,10,True,86,4.884161050545926,False,False
oa_sis,0.2,30,True,82,5.1483343315944445,False,False
oa_sis,0.4,30,True,74,4.646057811438889,False,False
oa_sis,0.6,30,True,72,4.5204886814,True,True
oa_sis,0.8,30,True,76,4.771626941477778,False,False
oa_sis,1.0,30,True,72,4.5204886814,False,False
oa_sis,0.2,50,True,80,5.121659076733334,False,False
oa_sis,0.4,50,True,72,4.60949316906,False,False
oa_sis,0.6,50,True,80,5.121659076733334,False,False
oa_sis,0.8,50,True,76,4.865576122896667,False,False
oa_sis,1.0,50,True,104,6.658156799753334,False,False
oa_sis,0.2,80,True,102,6.5338369697625,False,False
oa_sis,0.4,80,True,72,4.61212021395,False,False
oa_sis,0.6,80,True,80,5.1245780155,False,False
oa_sis,0.8,80,True,76,4.8683491147249995,False,False
oa_sis,1.0,80,True,120,7.68686702325,False,False
