phase,algorithm,alpha,m,actual_neval,target_validated,id
bcc,aa_sd,0.8,30,41,True,bcc_aa_sd_a0.8_m30
bcc,aa_sis,1.0,30,41,True,bcc_aa_sis_a1.0_m30
bcc,aa_etd,1.0,30,37,True,bcc_aa_etd_a1.0_m30
bcc,oa_sd,0.2,50,76,True,bcc_oa_sd_a0.2_m50
bcc,oa_sis,0.6,30,72,True,bcc_oa_sis_a0.6_m30
bcc,oa_etd,1.0,30,70,True,bcc_oa_etd_a1.0_m30
bcc,na_sd,0.2,50,76,True,bcc_na_sd_a0.2_m50
bcc,na_sis,1.0,30,70,True,bcc_na_sis_a1.0_m30
bcc,na_etd,1.0,30,68,True,bcc_na_etd_a1.0_m30
sigma,aa_etd,1.0,80,112,True,sigma_aa_etd_a1.0_m80
sigma,aa_sd,0.4,120,136,True,sigma_aa_sd_a0.4_m120
sigma,aa_sis,1.0,100,123,True,sigma_aa_sis_a1.0_m100
sigma,na_etd,0.6,100,218,True,sigma_na_etd_a0.6_m100
sigma,na_sd,0.2,120,268,True,sigma_na_sd_a0.2_m120
sigma,na_sis,1.0,120,216,True,sigma_na_sis_a1.0_m120
sigma,oa_etd,0.8,120,222,True,sigma_oa_etd_a0.8_m120
sigma,oa_sd,0.2,160,280,True,sigma_oa_sd_a0.2_m160
sigma,oa_sis,0.8,120,222,True,sigma_oa_sis_a0.8_m120
bcc,etd,1.0,0,342,True,bcc_etd_a1.0_b1000
bcc,sd,0.4,0,369,True,bcc_sd_a0.4_b1000
bcc,sis,1.0,0,596,True,bcc_sis_a1.0_b1000
sigma,etd,1.0,0,1000,False,sigma_etd_a1.0_b1000
sigma,sd,0.2,0,1000,False,sigma_sd_a0.2_b1000
sigma,sis,1.0,0,1000,False,sigma_sis_a1.0_b1000
