phase,algorithm,alpha,m,target_validated,exponent,actual_neval,iterations
bcc,aa_sd,0.8,30,True,3,7,6
bcc,aa_sd,0.8,30,True,4,9,8
bcc,aa_sd,0.8,30,True,5,13,12
bcc,aa_sd,0.8,30,True,6,18,17
bcc,aa_sd,0.8,30,True,7,23,22
bcc,aa_sd,0.8,30,True,8,30,29
bcc,aa_sd,0.8,30,True,9,36,35
bcc,aa_sd,0.8,30,True,10,41,40
bcc,aa_sis,1.0,30,True,3,8,7
bcc,aa_sis,1.0,30,True,4,13,12
bcc,aa_sis,1.0,30,True,5,15,14
bcc,aa_sis,1.0,30,True,6,19,18
bcc,aa_sis,1.0,30,True,7,27,26
bcc,aa_sis,1.0,30,True,8,33,32
bcc,aa_sis,1.0,30,True,9,37,36
bcc,aa_sis,1.0,30,True,10,41,40
bcc,aa_etd,1.0,30,True,3,7,6
bcc,aa_etd,1.0,30,True,4,10,9
bcc,aa_etd,1.0,30,True,5,13,12
bcc,aa_etd,1.0,30,True,6,17,16
bcc,aa_etd,1.0,30,True,7,21,20
bcc,aa_etd,1.0,30,True,8,26,25
bcc,aa_etd,1.0,30,True,9,33,32
bcc,aa_etd,1.0,30,True,10,37,36
bcc,oa_sd,0.2,50,True,3,12,5
bcc,oa_sd,0.2,50,True,4,14,6
bcc,oa_sd,0.2,50,True,5,20,9
bcc,oa_sd,0.2,50,True,6,32,15
bcc,oa_sd,0.2,50,True,7,42,20
bcc,oa_sd,0.2,50,True,8,52,25
bcc,oa_sd,0.2,50,True,9,64,31
bcc,oa_sd,0.2,50,True,10,76,37
bcc,oa_sis,0.6,30,True,3,12,5
bcc,oa_sis,0.6,30,True,4,16,7
bcc,oa_sis,0.6,30,True,5,20,9
bcc,oa_sis,0.6,30,True,6,28,13
bcc,oa_sis,0.6,30,True,7,38,18
bcc,oa_sis,0.6,30,True,8,50,24
bcc,oa_sis,0.6,30,True,9,60,29
bcc,oa_sis,0.6,30,True,10,72,35
bcc,oa_etd,1.0,30,True,3,12,5
bcc,oa_etd,1.0,30,True,4,16,7
bcc,oa_etd,1.0,30,True,5,20,9
bcc,oa_etd,1.0,30,True,6,28,13
bcc,oa_etd,1.0,30,True,7,38,18
bcc,oa_etd,1.0,30,True,8,46,22
bcc,oa_etd,1.0,30,True,9,58,28
bcc,oa_etd,1.0,30,True,10,70,34
bcc,na_sd,0.2,50,True,3,10,4
bcc,na_sd,0.2,50,True,4,14,6
bcc,na_sd,0.2,50,True,5,20,9
bcc,na_sd,0.2,50,True,6,28,13
bcc,na_sd,0.2,50,True,7,40,19
bcc,na_sd,0.2,50,True,8,50,24
bcc,na_sd,0.2,50,True,9,64,31
bcc,na_sd,0.2,50,True,10,76,37
bcc,na_sis,1.0,30,True,3,12,5
bcc,na_sis,1.0,30,True,4,16,7
bcc,na_sis,1.0,30,True,5,22,10
bcc,na_sis,1.0,30,True,6,28,13
bcc,na_sis,1.0,30,True,7,40,19
bcc,na_sis,1.0,30,True,8,50,24
bcc,na_sis,1.0,30,True,9,60,29
bcc,na_sis,1.0,30,True,10,70,34
bcc,na_etd,1.0,30,True,3,12,5
bcc,na_etd,1.0,30,True,4,16,7
bcc,na_etd,1.0,30,True,5,22,10
bcc,na_etd,1.0,30,True,6,28,13
bcc,na_etd,1.0,30,True,7,38,18
bcc,na_etd,1.0,30,True,8,46,22
bcc,na_etd,1.0,30,True,9,58,28
bcc,na_etd,1.0,30,True,10,68,33
sigma,aa_etd,1.0,80,True,2,5,4
sigma,aa_etd,1.0,80,True,3,11,10
sigma,aa_etd,1.0,80,True,4,22,21
sigma,aa_etd,1.0,80,True,5,36,35
sigma,aa_etd,1.0,80,True,6,60,59
sigma,aa_etd,1.0,80,True,7,73,72
sigma,aa_etd,1.0,80,True,8,85,84
sigma,aa_etd,1.0,80,True,9,98,97
sigma,aa_etd,1.0,80,True,10,112,111
sigma,aa_sd,0.4,120,True,2,5,4
sigma,aa_sd,0.4,120,True,3,13,12
sigma,aa_sd,0.4,120,True,4,26,25
sigma,aa_sd,0.4,120,True,5,44,43
sigma,aa_sd,0.4,120,True,6,73,72
sigma,aa_sd,0.4,120,True,7,88,87
sigma,aa_sd,0.4,120,True,8,105,104
sigma,aa_sd,0.4,120,True,9,119,118
sigma,aa_sd,0.4,120,True,10,136,135
sigma,aa_sis,1.0,100,True,2,6,5
sigma,aa_sis,1.0,100,True,3,13,12
sigma,aa_sis,1.0,100,True,4,24,23
sigma,aa_sis,1.0,100,True,5,40,39
sigma,aa_sis,1.0,100,True,6,66,65
sigma,aa_sis,1.0,100,True,7,81,80
sigma,aa_sis,1.0,100,True,8,95,94
sigma,aa_sis,1.0,100,True,9,108,107
sigma,aa_sis,1.0,100,True,10,123,122
sigma,na_etd,0.6,100,True,2,8,3
sigma,na_etd,0.6,100,True,3,18,8
sigma,na_etd,0.6,100,True,4,40,19
sigma,na_etd,0.6,100,True,5,68,33
sigma,na_etd,0.6,100,True,6,116,57
sigma,na_etd,0.6,100,True,7,140,69
sigma,na_etd,0.6,100,True,8,166,82
sigma,na_etd,0.6,100,True,9,190,94
sigma,na_etd,0.6,100,True,10,218,108
sigma,na_sd,0.2,120,True,2,8,3
sigma,na_sd,0.2,120,True,3,24,11
sigma,na_sd,0.2,120,True,4,50,24
sigma,na_sd,0.2,120,True,5,84,41
sigma,na_sd,0.2,120,True,6,142,70
sigma,na_sd,0.2,120,True,7,174,86
sigma,na_sd,0.2,120,True,8,204,101
sigma,na_sd,0.2,120,True,9,234,116
sigma,na_sd,0.2,120,True,10,268,133
sigma,na_sis,1.0,120,True,2,8,3
sigma,na_sis,1.0,120,True,3,18,8
sigma,na_sis,1.0,120,True,4,40,19
sigma,na_sis,1.0,120,True,5,68,33
sigma,na_sis,1.0,120,True,6,116,57
sigma,na_sis,1.0,120,True,7,142,70
sigma,na_sis,1.0,120,True,8,166,82
sigma,na_sis,1.0,120,True,9,190,94
sigma,na_sis,1.0,120,True,10,216,107
sigma,oa_etd,0.8,120,True,2,8,3
sigma,oa_etd,0.8,120,True,3,20,9
sigma,oa_etd,0.8,120,True,4,46,22
sigma,oa_etd,0.8,120,True,5,80,39
sigma,oa_etd,0.8,120,True,6,122,60
sigma,oa_etd,0.8,120,True,7,148,73
sigma,oa_etd,0.8,120,True,8,170,84
sigma,oa_etd,0.8,120,True,9,196,97
sigma,oa_etd,0.8,120,True,10,222,110
sigma,oa_sd,0.2,160,True,2,10,4
sigma,oa_sd,0.2,160,True,3,28,13
sigma,oa_sd,0.2,160,True,4,56,27
sigma,oa_sd,0.2,160,True,5,122,60
sigma,oa_sd,0.2,160,True,6,154,76
sigma,oa_sd,0.2,160,True,7,182,90
sigma,oa_sd,0.2,160,True,8,214,106
sigma,oa_sd,0.2,160,True,9,244,121
sigma,oa_sd,0.2,160,True,10,280,139
sigma,oa_sis,0.8,120,True,2,8,3
sigma,oa_sis,0.8,120,True,3,20,9
sigma,oa_sis,0.8,120,True,4,46,22
sigma,oa_sis,0.8,120,True,5,80,39
sigma,oa_sis,0.8,120,True,6,122,60
sigma,oa_sis,0.8,120,True,7,150,74
sigma,oa_sis,0.8,120,True,8,172,85
sigma,oa_sis,0.8,120,True,9,198,98
sigma,oa_sis,0.8,120,True,10,222,110
bcc,etd,1.0,0,True,3,15,15
bcc,etd,1.0,0,True,4,59,59
bcc,etd,1.0,0,True,5,106,106
bcc,etd,1.0,0,True,6,153,153
bcc,etd,1.0,0,True,7,200,200
bcc,etd,1.0,0,True,8,247,247
bcc,etd,1.0,0,True,9,295,295
bcc,etd,1.0,0,True,10,342,342
bcc,sd,0.4,0,True,3,16,16
bcc,sd,0.4,0,True,4,65,65
bcc,sd,0.4,0,True,5,115,115
bcc,sd,0.4,0,True,6,166,166
bcc,sd,0.4,0,True,7,217,217
bcc,sd,0.4,0,True,8,267,267
bcc,sd,0.4,0,True,9,318,318
bcc,sd,0.4,0,True,10,369,369
bcc,sis,1.0,0,True,3,25,25
bcc,sis,1.0,0,True,4,102,102
bcc,sis,1.0,0,True,5,184,184
bcc,sis,1.0,0,True,6,267,267
bcc,sis,1.0,0,True,7,349,349
bcc,sis,1.0,0,True,8,431,431
bcc,sis,1.0,0,True,9,513,513
bcc,sis,1.0,0,True,10,596,596
sigma,etd,1.0,0,False,2,8,8
sigma,etd,1.0,0,False,3,21,21
sigma,etd,1.0,0,False,4,50,50
sigma,etd,1.0,0,False,5,127,127
sigma,etd,1.0,0,False,6,384,384
sigma,etd,1.0,0,False,7,784,784
sigma,etd,1.0,0,False,8,,
sigma,etd,1.0,0,False,9,,
sigma,etd,1.0,0,False,10,,
sigma,sd,0.2,0,False,2,9,9
sigma,sd,0.2,0,False,3,45,45
sigma,sd,0.2,0,False,4,107,107
sigma,sd,0.2,0,False,5,256,256
sigma,sd,0.2,0,False,6,798,798
sigma,sd,0.2,0,False,7,,
sigma,sd,0.2,0,False,8,,
sigma,sd,0.2,0,False,9,,
sigma,sd,0.2,0,False,10,,
sigma,sis,1.0,0,False,2,10,10
sigma,sis,1.0,0,False,3,34,34
sigma,sis,1.0,0,False,4,83,83
sigma,sis,1.0,0,False,5,213,213
sigma,sis,1.0,0,False,6,656,656
sigma,sis,1.0,0,False,7,,
sigma,sis,1.0,0,False,8,,
sigma,sis,1.0,0,False,9,,
sigma,sis,1.0,0,False,10,,
