protocol,algorithm,warmup,target,n
common,aa_etd,0,0,100
common,aa_etd,10,0,100
common,aa_etd,20,0,100
common,aa_etd,30,0,100
common,aa_etd,40,0,100
common,aa_etd,50,0,100
common,aa_etd,60,1,100
common,aa_etd,70,28,100
common,aa_etd,80,63,100
common,aa_etd,90,84,100
common,aa_etd,100,89,100
common,aa_etd,110,97,100
common,aa_etd,120,100,100
common,aa_etd,130,100,100
common,aa_etd,140,100,100
common,aa_etd,150,100,100
common,aa_etd,160,100,100
common,aa_etd,170,100,100
common,aa_etd,180,100,100
common,aa_etd,190,100,100
common,aa_etd,200,100,100
common,aa_sd,0,0,100
common,aa_sd,10,0,100
common,aa_sd,20,0,100
common,aa_sd,30,0,100
common,aa_sd,40,0,100
common,aa_sd,50,0,100
common,aa_sd,60,0,100
common,aa_sd,70,18,100
common,aa_sd,80,53,100
common,aa_sd,90,75,100
common,aa_sd,100,89,100
common,aa_sd,110,95,100
common,aa_sd,120,98,100
common,aa_sd,130,100,100
common,aa_sd,140,100,100
common,aa_sd,150,100,100
common,aa_sd,160,100,100
common,aa_sd,170,100,100
common,aa_sd,180,100,100
common,aa_sd,190,100,100
common,aa_sd,200,100,100
common,aa_sis,0,0,100
common,aa_sis,10,0,100
common,aa_sis,20,0,100
common,aa_sis,30,0,100
common,aa_sis,40,0,100
common,aa_sis,50,0,100
common,aa_sis,60,1,100
common,aa_sis,70,27,100
common,aa_sis,80,61,100
common,aa_sis,90,84,100
common,aa_sis,100,89,100
common,aa_sis,110,97,100
common,aa_sis,120,100,100
common,aa_sis,130,100,100
common,aa_sis,140,100,100
common,aa_sis,150,100,100
common,aa_sis,160,100,100
common,aa_sis,170,100,100
common,aa_sis,180,100,100
common,aa_sis,190,100,100
common,aa_sis,200,100,100
common,na_etd,0,0,100
common,na_etd,10,0,100
common,na_etd,20,0,100
common,na_etd,30,0,100
common,na_etd,40,0,100
common,na_etd,50,0,100
common,na_etd,60,0,100
common,na_etd,70,25,100
common,na_etd,80,60,100
common,na_etd,90,84,100
common,na_etd,100,89,100
common,na_etd,110,94,100
common,na_etd,120,99,100
common,na_etd,130,100,100
common,na_etd,140,100,100
common,na_etd,150,100,100
common,na_etd,160,100,100
common,na_etd,170,100,100
common,na_etd,180,100,100
common,na_etd,190,100,100
common,na_etd,200,100,100
common,na_sd,0,0,100
common,na_sd,10,0,100
common,na_sd,20,0,100
common,na_sd,30,0,100
common,na_sd,40,0,100
common,na_sd,50,0,100
common,na_sd,60,0,100
common,na_sd,70,22,100
common,na_sd,80,59,100
common,na_sd,90,84,100
common,na_sd,100,89,100
common,na_sd,110,96,100
common,na_sd,120,98,100
common,na_sd,130,100,100
common,na_sd,140,100,100
common,na_sd,150,100,100
common,na_sd,160,100,100
common,na_sd,170,100,100
common,na_sd,180,100,100
common,na_sd,190,100,100
common,na_sd,200,100,100
common,na_sis,0,0,100
common,na_sis,10,0,100
common,na_sis,20,0,100
common,na_sis,30,0,100
common,na_sis,40,0,100
common,na_sis,50,0,100
common,na_sis,60,0,100
common,na_sis,70,20,100
common,na_sis,80,58,100
common,na_sis,90,85,100
common,na_sis,100,89,100
common,na_sis,110,95,100
common,na_sis,120,99,100
common,na_sis,130,100,100
common,na_sis,140,100,100
common,na_sis,150,100,100
common,na_sis,160,100,100
common,na_sis,170,100,100
common,na_sis,180,100,100
common,na_sis,190,100,100
common,na_sis,200,100,100
common,oa_etd,0,0,100
common,oa_etd,10,0,100
common,oa_etd,20,0,100
common,oa_etd,30,0,100
common,oa_etd,40,0,100
common,oa_etd,50,0,100
common,oa_etd,60,0,100
common,oa_etd,70,7,100
common,oa_etd,80,32,100
common,oa_etd,90,69,100
common,oa_etd,100,86,100
common,oa_etd,110,95,100
common,oa_etd,120,95,100
common,oa_etd,130,98,100
common,oa_etd,140,98,100
common,oa_etd,150,99,100
common,oa_etd,160,98,100
common,oa_etd,170,100,100
common,oa_etd,180,100,100
common,oa_etd,190,100,100
common,oa_etd,200,100,100
common,oa_sd,0,0,100
common,oa_sd,10,0,100
common,oa_sd,20,0,100
common,oa_sd,30,0,100
common,oa_sd,40,0,100
common,oa_sd,50,0,100
common,oa_sd,60,0,100
common,oa_sd,70,18,100
common,oa_sd,80,52,100
common,oa_sd,90,78,100
common,oa_sd,100,89,100
common,oa_sd,110,93,100
common,oa_sd,120,97,100
common,oa_sd,130,98,100
common,oa_sd,140,99,100
common,oa_sd,150,99,100
common,oa_sd,160,100,100
common,oa_sd,170,100,100
common,oa_sd,180,100,100
common,oa_sd,190,100,100
common,oa_sd,200,100,100
common,oa_sis,0,0,100
common,oa_sis,10,0,100
common,oa_sis,20,0,100
common,oa_sis,30,0,100
common,oa_sis,40,0,100
common,oa_sis,50,0,100
common,oa_sis,60,0,100
common,oa_sis,70,5,100
common,oa_sis,80,38,100
common,oa_sis,90,70,100
common,oa_sis,100,85,100
common,oa_sis,110,93,100
common,oa_sis,120,94,100
common,oa_sis,130,97,100
common,oa_sis,140,100,100
common,oa_sis,150,97,100
common,oa_sis,160,100,100
common,oa_sis,170,100,100
common,oa_sis,180,100,100
common,oa_sis,190,100,100
common,oa_sis,200,100,100
method_specific,aa_etd,0,0,100
method_specific,aa_etd,10,0,100
method_specific,aa_etd,20,0,100
method_specific,aa_etd,30,0,100
method_specific,aa_etd,40,0,100
method_specific,aa_etd,50,0,100
method_specific,aa_etd,60,4,100
method_specific,aa_etd,70,33,100
method_specific,aa_etd,80,68,100
method_specific,aa_etd,90,88,100
method_specific,aa_etd,100,91,100
method_specific,aa_etd,110,97,100
method_specific,aa_etd,120,100,100
method_specific,aa_etd,130,100,100
method_specific,aa_etd,140,100,100
method_specific,aa_etd,150,100,100
method_specific,aa_etd,160,100,100
method_specific,aa_etd,170,100,100
method_specific,aa_etd,180,100,100
method_specific,aa_etd,190,100,100
method_specific,aa_etd,200,100,100
method_specific,aa_sd,0,0,100
method_specific,aa_sd,10,0,100
method_specific,aa_sd,20,0,100
method_specific,aa_sd,30,0,100
method_specific,aa_sd,40,0,100
method_specific,aa_sd,50,0,100
method_specific,aa_sd,60,3,100
method_specific,aa_sd,70,31,100
method_specific,aa_sd,80,67,100
method_specific,aa_sd,90,86,100
method_specific,aa_sd,100,90,100
method_specific,aa_sd,110,97,100
method_specific,aa_sd,120,100,100
method_specific,aa_sd,130,100,100
method_specific,aa_sd,140,100,100
method_specific,aa_sd,150,100,100
method_specific,aa_sd,160,100,100
method_specific,aa_sd,170,100,100
method_specific,aa_sd,180,100,100
method_specific,aa_sd,190,100,100
method_specific,aa_sd,200,100,100
method_specific,aa_sis,0,0,100
method_specific,aa_sis,10,0,100
method_specific,aa_sis,20,0,100
method_specific,aa_sis,30,0,100
method_specific,aa_sis,40,0,100
method_specific,aa_sis,50,0,100
method_specific,aa_sis,60,1,100
method_specific,aa_sis,70,28,100
method_specific,aa_sis,80,65,100
method_specific,aa_sis,90,84,100
method_specific,aa_sis,100,89,100
method_specific,aa_sis,110,97,100
method_specific,aa_sis,120,100,100
method_specific,aa_sis,130,100,100
method_specific,aa_sis,140,100,100
method_specific,aa_sis,150,100,100
method_specific,aa_sis,160,100,100
method_specific,aa_sis,170,100,100
method_specific,aa_sis,180,100,100
method_specific,aa_sis,190,100,100
method_specific,aa_sis,200,100,100
method_specific,na_etd,0,0,100
method_specific,na_etd,10,0,100
method_specific,na_etd,20,0,100
method_specific,na_etd,30,0,100
method_specific,na_etd,40,0,100
method_specific,na_etd,50,0,100
method_specific,na_etd,60,0,100
method_specific,na_etd,70,26,100
method_specific,na_etd,80,63,100
method_specific,na_etd,90,84,100
method_specific,na_etd,100,89,100
method_specific,na_etd,110,95,100
method_specific,na_etd,120,99,100
method_specific,na_etd,130,100,100
method_specific,na_etd,140,100,100
method_specific,na_etd,150,100,100
method_specific,na_etd,160,100,100
method_specific,na_etd,170,100,100
method_specific,na_etd,180,100,100
method_specific,na_etd,190,100,100
method_specific,na_etd,200,100,100
method_specific,na_sd,0,0,100
method_specific,na_sd,10,0,100
method_specific,na_sd,20,0,100
method_specific,na_sd,30,0,100
method_specific,na_sd,40,0,100
method_specific,na_sd,50,0,100
method_specific,na_sd,60,1,100
method_specific,na_sd,70,27,100
method_specific,na_sd,80,63,100
method_specific,na_sd,90,85,100
method_specific,na_sd,100,90,100
method_specific,na_sd,110,97,100
method_specific,na_sd,120,100,100
method_specific,na_sd,130,100,100
method_specific,na_sd,140,100,100
method_specific,na_sd,150,100,100
method_specific,na_sd,160,100,100
method_specific,na_sd,170,100,100
method_specific,na_sd,180,100,100
method_specific,na_sd,190,100,100
method_specific,na_sd,200,100,100
method_specific,na_sis,0,0,100
method_specific,na_sis,10,0,100
method_specific,na_sis,20,0,100
method_specific,na_sis,30,0,100
method_specific,na_sis,40,0,100
method_specific,na_sis,50,0,100
method_specific,na_sis,60,1,100
method_specific,na_sis,70,27,100
method_specific,na_sis,80,62,100
method_specific,na_sis,90,83,100
method_specific,na_sis,100,89,100
method_specific,na_sis,110,95,100
method_specific,na_sis,120,98,100
method_specific,na_sis,130,100,100
method_specific,na_sis,140,99,100
method_specific,na_sis,150,100,100
method_specific,na_sis,160,100,100
method_specific,na_sis,170,100,100
method_specific,na_sis,180,100,100
method_specific,na_sis,190,100,100
method_specific,na_sis,200,100,100
method_specific,oa_etd,0,0,100
method_specific,oa_etd,10,0,100
method_specific,oa_etd,20,0,100
method_specific,oa_etd,30,0,100
method_specific,oa_etd,40,2,100
method_specific,oa_etd,50,1,100
method_specific,oa_etd,60,6,100
method_specific,oa_etd,70,28,100
method_specific,oa_etd,80,63,100
method_specific,oa_etd,90,83,100
method_specific,oa_etd,100,92,100
method_specific,oa_etd,110,95,100
method_specific,oa_etd,120,96,100
method_specific,oa_etd,130,99,100
method_specific,oa_etd,140,100,100
method_specific,oa_etd,150,99,100
method_specific,oa_etd,160,100,100
method_specific,oa_etd,170,99,100
method_specific,oa_etd,180,100,100
method_specific,oa_etd,190,100,100
method_specific,oa_etd,200,100,100
method_specific,oa_sd,0,1,100
method_specific,oa_sd,10,1,100
method_specific,oa_sd,20,0,100
method_specific,oa_sd,30,0,100
method_specific,oa_sd,40,0,100
method_specific,oa_sd,50,0,100
method_specific,oa_sd,60,12,100
method_specific,oa_sd,70,39,100
method_specific,oa_sd,80,74,100
method_specific,oa_sd,90,91,100
method_specific,oa_sd,100,97,100
method_specific,oa_sd,110,96,100
method_specific,oa_sd,120,98,100
method_specific,oa_sd,130,99,100
method_specific,oa_sd,140,100,100
method_specific,oa_sd,150,100,100
method_specific,oa_sd,160,100,100
method_specific,oa_sd,170,100,100
method_specific,oa_sd,180,100,100
method_specific,oa_sd,190,100,100
method_specific,oa_sd,200,100,100
method_specific,oa_sis,0,0,100
method_specific,oa_sis,10,1,100
method_specific,oa_sis,20,0,100
method_specific,oa_sis,30,1,100
method_specific,oa_sis,40,1,100
method_specific,oa_sis,50,2,100
method_specific,oa_sis,60,6,100
method_specific,oa_sis,70,23,100
method_specific,oa_sis,80,60,100
method_specific,oa_sis,90,80,100
method_specific,oa_sis,100,91,100
method_specific,oa_sis,110,95,100
method_specific,oa_sis,120,98,100
method_specific,oa_sis,130,99,100
method_specific,oa_sis,140,100,100
method_specific,oa_sis,150,100,100
method_specific,oa_sis,160,100,100
method_specific,oa_sis,170,100,100
method_specific,oa_sis,180,100,100
method_specific,oa_sis,190,100,100
method_specific,oa_sis,200,100,100
