algorithm,warmup,alpha,m,n,target,converged,budget,breakdown,target_fraction,convergence_fraction,mean_neval
aa_etd,70,0.2,10,100,21,70,30,0,0.21,0.7,709.39
aa_etd,70,0.2,20,100,21,100,0,0,0.21,1.0,348.27
aa_etd,70,0.2,30,100,21,100,0,0,0.21,1.0,220.08
aa_etd,70,0.2,40,100,21,100,0,0,0.21,1.0,187.51
aa_etd,70,0.2,50,100,21,100,0,0,0.21,1.0,184.83
aa_etd,70,0.4,10,100,28,100,0,0,0.28,1.0,371.9
aa_etd,70,0.4,20,100,28,100,0,0,0.28,1.0,185.91
aa_etd,70,0.4,30,100,28,100,0,0,0.28,1.0,152.44
aa_etd,70,0.4,40,100,28,100,0,0,0.28,1.0,141.34
aa_etd,70,0.4,50,100,28,100,0,0,0.28,1.0,141.84
aa_etd,70,0.6,10,100,29,100,0,0,0.29,1.0,290.12
aa_etd,70,0.6,20,100,28,100,0,0,0.28,1.0,152.79
aa_etd,70,0.6,30,100,28,100,0,0,0.28,1.0,138.66
aa_etd,70,0.6,40,100,28,100,0,0,0.28,1.0,132.13
aa_etd,70,0.6,50,100,28,100,0,0,0.28,1.0,132.51
aa_etd,70,0.8,10,100,31,100,0,0,0.31,1.0,246.09
aa_etd,70,0.8,20,100,30,100,0,0,0.3,1.0,142.78
aa_etd,70,0.8,30,100,30,100,0,0,0.3,1.0,129.48
aa_etd,70,0.8,40,100,30,100,0,0,0.3,1.0,127.58
aa_etd,70,0.8,50,100,30,100,0,0,0.3,1.0,128.44
aa_etd,70,1.0,10,100,33,100,0,0,0.33,1.0,228.18
aa_etd,70,1.0,20,100,33,100,0,0,0.33,1.0,137.23
aa_etd,70,1.0,30,100,33,100,0,0,0.33,1.0,125.76
aa_etd,70,1.0,40,100,33,100,0,0,0.33,1.0,124.55
aa_etd,70,1.0,50,100,33,100,0,0,0.33,1.0,124.31
aa_etd,100,0.2,10,100,89,100,0,0,0.89,1.0,187.19
aa_etd,100,0.2,20,100,89,100,0,0,0.89,1.0,162.01
aa_etd,100,0.2,30,100,89,100,0,0,0.89,1.0,152.35
aa_etd,100,0.2,40,100,89,100,0,0,0.89,1.0,144.87
aa_etd,100,0.2,50,100,89,100,0,0,0.89,1.0,144.59
aa_etd,100,0.4,10,100,89,100,0,0,0.89,1.0,156.22
aa_etd,100,0.4,20,100,89,100,0,0,0.89,1.0,148.59
aa_etd,100,0.4,30,100,89,100,0,0,0.89,1.0,141.25
aa_etd,100,0.4,40,100,89,100,0,0,0.89,1.0,138.99
aa_etd,100,0.4,50,100,89,100,0,0,0.89,1.0,138.56
aa_etd,100,0.6,10,100,90,100,0,0,0.9,1.0,146.55
aa_etd,100,0.6,20,100,90,100,0,0,0.9,1.0,140.34
aa_etd,100,0.6,30,100,90,100,0,0,0.9,1.0,135.85
aa_etd,100,0.6,40,100,90,100,0,0,0.9,1.0,135.09
aa_etd,100,0.6,50,100,90,100,0,0,0.9,1.0,135.16
aa_etd,100,0.8,10,100,90,100,0,0,0.9,1.0,141.09
aa_etd,100,0.8,20,100,90,100,0,0,0.9,1.0,137.4
aa_etd,100,0.8,30,100,90,100,0,0,0.9,1.0,134.5
aa_etd,100,0.8,40,100,90,100,0,0,0.9,1.0,133.74
aa_etd,100,0.8,50,100,90,100,0,0,0.9,1.0,133.65
aa_etd,100,1.0,10,100,91,100,0,0,0.91,1.0,140.18
aa_etd,100,1.0,20,100,91,100,0,0,0.91,1.0,134.83
aa_etd,100,1.0,30,100,91,100,0,0,0.91,1.0,133.45
aa_etd,100,1.0,40,100,91,100,0,0,0.91,1.0,132.57
aa_etd,100,1.0,50,100,91,100,0,0,0.91,1.0,132.43
aa_sd,70,0.2,10,100,14,85,15,0,0.14,0.85,716.99
aa_sd,70,0.2,20,100,15,100,0,0,0.15,1.0,318.05
aa_sd,70,0.2,30,100,16,100,0,0,0.16,1.0,207.19
aa_sd,70,0.2,40,100,17,100,0,0,0.17,1.0,173.58
aa_sd,70,0.2,50,100,17,100,0,0,0.17,1.0,176.56
aa_sd,70,0.4,10,100,17,100,0,0,0.17,1.0,341.95
aa_sd,70,0.4,20,100,18,100,0,0,0.18,1.0,162.17
aa_sd,70,0.4,30,100,18,100,0,0,0.18,1.0,144.88
aa_sd,70,0.4,40,100,18,100,0,0,0.18,1.0,142.64
aa_sd,70,0.4,50,100,18,100,0,0,0.18,1.0,145.68
aa_sd,70,0.6,10,100,22,100,0,0,0.22,1.0,265.03
aa_sd,70,0.6,20,100,23,100,0,0,0.23,1.0,139.61
aa_sd,70,0.6,30,100,23,100,0,0,0.23,1.0,131.39
aa_sd,70,0.6,40,100,23,100,0,0,0.23,1.0,131.18
aa_sd,70,0.6,50,100,23,100,0,0,0.23,1.0,133.47
aa_sd,70,0.8,10,100,28,100,0,0,0.28,1.0,228.95
aa_sd,70,0.8,20,100,28,100,0,0,0.28,1.0,131.6
aa_sd,70,0.8,30,100,28,100,0,0,0.28,1.0,123.31
aa_sd,70,0.8,40,100,28,100,0,0,0.28,1.0,122.64
aa_sd,70,0.8,50,100,28,100,0,0,0.28,1.0,123.96
aa_sd,70,1.0,10,100,31,100,0,0,0.31,1.0,225.24
aa_sd,70,1.0,20,100,31,100,0,0,0.31,1.0,129.22
aa_sd,70,1.0,30,100,31,100,0,0,0.31,1.0,122.71
aa_sd,70,1.0,40,100,31,100,0,0,0.31,1.0,121.31
aa_sd,70,1.0,50,100,31,100,0,0,0.31,1.0,121.85
aa_sd,100,0.2,10,100,89,100,0,0,0.89,1.0,174.07
aa_sd,100,0.2,20,100,89,100,0,0,0.89,1.0,162.16
aa_sd,100,0.2,30,100,89,100,0,0,0.89,1.0,154.21
aa_sd,100,0.2,40,100,89,100,0,0,0.89,1.0,151.61
aa_sd,100,0.2,50,100,89,100,0,0,0.89,1.0,149.23
aa_sd,100,0.4,10,100,89,100,0,0,0.89,1.0,150.72
aa_sd,100,0.4,20,100,89,100,0,0,0.89,1.0,143.03
aa_sd,100,0.4,30,100,89,100,0,0,0.89,1.0,140.14
aa_sd,100,0.4,40,100,89,100,0,0,0.89,1.0,140.2
aa_sd,100,0.4,50,100,89,100,0,0,0.89,1.0,140.99
aa_sd,100,0.6,10,100,89,100,0,0,0.89,1.0,144.17
aa_sd,100,0.6,20,100,89,100,0,0,0.89,1.0,137.35
aa_sd,100,0.6,30,100,89,100,0,0,0.89,1.0,135.16
aa_sd,100,0.6,40,100,89,100,0,0,0.89,1.0,135.27
aa_sd,100,0.6,50,100,89,100,0,0,0.89,1.0,135.42
aa_sd,100,0.8,10,100,90,100,0,0,0.9,1.0,141.33
aa_sd,100,0.8,20,100,90,100,0,0,0.9,1.0,134.98
aa_sd,100,0.8,30,100,90,100,0,0,0.9,1.0,134.3
aa_sd,100,0.8,40,100,90,100,0,0,0.9,1.0,133.58
aa_sd,100,0.8,50,100,90,100,0,0,0.9,1.0,133.68
aa_sd,100,1.0,10,100,90,100,0,0,0.9,1.0,141.29
aa_sd,100,1.0,20,100,90,100,0,0,0.9,1.0,134.64
aa_sd,100,1.0,30,100,90,100,0,0,0.9,1.0,133.15
aa_sd,100,1.0,40,100,90,100,0,0,0.9,1.0,132.84
aa_sd,100,1.0,50,100,90,100,0,0,0.9,1.0,132.97
aa_sis,70,0.2,10,100,22,46,54,0,0.22,0.46,769.46
aa_sis,70,0.2,20,100,22,97,3,0,0.22,0.97,452.91
aa_sis,70,0.2,30,100,22,100,0,0,0.22,1.0,266.11
aa_sis,70,0.2,40,100,22,100,0,0,0.22,1.0,214.23
aa_sis,70,0.2,50,100,22,100,0,0,0.22,1.0,201.25
aa_sis,70,0.4,10,100,27,93,7,0,0.27,0.93,554.43
aa_sis,70,0.4,20,100,27,100,0,0,0.27,1.0,269.34
aa_sis,70,0.4,30,100,27,100,0,0,0.27,1.0,185.35
aa_sis,70,0.4,40,100,27,100,0,0,0.27,1.0,162.14
aa_sis,70,0.4,50,100,27,100,0,0,0.27,1.0,158.33
aa_sis,70,0.6,10,100,28,97,3,0,0.28,0.97,468.01
aa_sis,70,0.6,20,100,28,100,0,0,0.28,1.0,236.69
aa_sis,70,0.6,30,100,28,100,0,0,0.28,1.0,162.35
aa_sis,70,0.6,40,100,28,100,0,0,0.28,1.0,149.06
aa_sis,70,0.6,50,100,28,100,0,0,0.28,1.0,147.84
aa_sis,70,0.8,10,100,28,100,0,0,0.28,1.0,432.39
aa_sis,70,0.8,20,100,28,100,0,0,0.28,1.0,210.32
aa_sis,70,0.8,30,100,28,100,0,0,0.28,1.0,156.28
aa_sis,70,0.8,40,100,28,100,0,0,0.28,1.0,142.79
aa_sis,70,0.8,50,100,28,100,0,0,0.28,1.0,143.71
aa_sis,70,1.0,10,100,28,100,0,0,0.28,1.0,402.9
aa_sis,70,1.0,20,100,28,100,0,0,0.28,1.0,188.26
aa_sis,70,1.0,30,100,28,100,0,0,0.28,1.0,149.0
aa_sis,70,1.0,40,100,28,100,0,0,0.28,1.0,138.51
aa_sis,70,1.0,50,100,28,100,0,0,0.28,1.0,138.95
aa_sis,100,0.2,10,100,89,100,0,0,0.89,1.0,193.14
aa_sis,100,0.2,20,100,89,100,0,0,0.89,1.0,176.23
aa_sis,100,0.2,30,100,89,100,0,0,0.89,1.0,156.57
aa_sis,100,0.2,40,100,89,100,0,0,0.89,1.0,155.31
aa_sis,100,0.2,50,100,89,100,0,0,0.89,1.0,147.36
aa_sis,100,0.4,10,100,89,100,0,0,0.89,1.0,176.09
aa_sis,100,0.4,20,100,89,100,0,0,0.89,1.0,161.62
aa_sis,100,0.4,30,100,89,100,0,0,0.89,1.0,144.53
aa_sis,100,0.4,40,100,89,100,0,0,0.89,1.0,142.51
aa_sis,100,0.4,50,100,89,100,0,0,0.89,1.0,142.1
aa_sis,100,0.6,10,100,89,100,0,0,0.89,1.0,169.74
aa_sis,100,0.6,20,100,89,100,0,0,0.89,1.0,157.05
aa_sis,100,0.6,30,100,89,100,0,0,0.89,1.0,143.54
aa_sis,100,0.6,40,100,89,100,0,0,0.89,1.0,140.74
aa_sis,100,0.6,50,100,89,100,0,0,0.89,1.0,139.92
aa_sis,100,0.8,10,100,89,100,0,0,0.89,1.0,161.73
aa_sis,100,0.8,20,100,89,100,0,0,0.89,1.0,147.61
aa_sis,100,0.8,30,100,89,100,0,0,0.89,1.0,143.01
aa_sis,100,0.8,40,100,89,100,0,0,0.89,1.0,140.54
aa_sis,100,0.8,50,100,89,100,0,0,0.89,1.0,138.77
aa_sis,100,1.0,10,100,90,100,0,0,0.9,1.0,154.03
aa_sis,100,1.0,20,100,90,100,0,0,0.9,1.0,145.87
aa_sis,100,1.0,30,100,90,100,0,0,0.9,1.0,140.82
aa_sis,100,1.0,40,100,90,100,0,0,0.9,1.0,138.72
aa_sis,100,1.0,50,100,90,100,0,0,0.9,1.0,137.58
na_etd,70,0.2,10,100,25,25,75,0,0.25,0.25,801.36
na_etd,70,0.2,20,100,22,22,78,0,0.22,0.22,822.62
na_etd,70,0.2,30,100,26,26,74,0,0.26,0.26,789.94
na_etd,70,0.2,40,100,26,68,32,0,0.26,0.68,549.72
na_etd,70,0.2,50,100,26,92,8,0,0.26,0.92,367.12
na_etd,70,0.4,10,100,25,26,74,0,0.25,0.26,826.68
na_etd,70,0.4,20,100,24,24,76,0,0.24,0.24,814.58
na_etd,70,0.4,30,100,25,29,71,0,0.25,0.29,783.48
na_etd,70,0.4,40,100,26,68,32,0,0.26,0.68,564.5
na_etd,70,0.4,50,100,26,89,11,0,0.26,0.89,389.08
na_etd,70,0.6,10,100,25,25,75,0,0.25,0.25,806.7
na_etd,70,0.6,20,100,23,23,77,0,0.23,0.23,819.68
na_etd,70,0.6,30,100,21,23,77,0,0.21,0.23,821.26
na_etd,70,0.6,40,100,22,57,43,0,0.22,0.57,650.52
na_etd,70,0.6,50,100,22,88,12,0,0.22,0.88,403.46
na_etd,70,0.8,10,100,22,22,78,0,0.22,0.22,829.86
na_etd,70,0.8,20,100,22,22,78,0,0.22,0.22,834.2
na_etd,70,0.8,30,100,23,25,75,0,0.23,0.25,811.36
na_etd,70,0.8,40,100,22,66,34,0,0.22,0.66,597.68
na_etd,70,0.8,50,100,23,91,9,0,0.23,0.91,404.34
na_etd,70,1.0,10,100,21,21,79,0,0.21,0.21,839.2
na_etd,70,1.0,20,100,20,21,79,0,0.2,0.21,849.0
na_etd,70,1.0,30,100,20,24,76,0,0.2,0.24,835.2
na_etd,70,1.0,40,100,21,68,32,0,0.21,0.68,602.74
na_etd,70,1.0,50,100,20,88,12,0,0.2,0.88,424.14
na_etd,100,0.2,10,100,85,85,15,0,0.85,0.85,291.5
na_etd,100,0.2,20,100,89,90,10,0,0.89,0.9,246.58
na_etd,100,0.2,30,100,89,91,9,0,0.89,0.91,233.02
na_etd,100,0.2,40,100,89,95,5,0,0.89,0.95,217.02
na_etd,100,0.2,50,100,89,98,2,0,0.89,0.98,197.94
na_etd,100,0.4,10,100,88,88,12,0,0.88,0.88,272.04
na_etd,100,0.4,20,100,89,91,9,0,0.89,0.91,243.04
na_etd,100,0.4,30,100,89,92,8,0,0.89,0.92,236.88
na_etd,100,0.4,40,100,89,92,8,0,0.89,0.92,232.92
na_etd,100,0.4,50,100,89,98,2,0,0.89,0.98,200.48
na_etd,100,0.6,10,100,88,88,12,0,0.88,0.88,290.38
na_etd,100,0.6,20,100,89,90,10,0,0.89,0.9,245.08
na_etd,100,0.6,30,100,89,92,8,0,0.89,0.92,239.36
na_etd,100,0.6,40,100,89,93,7,0,0.89,0.93,230.16
na_etd,100,0.6,50,100,89,96,4,0,0.89,0.96,218.0
na_etd,100,0.8,10,100,89,89,11,0,0.89,0.89,271.74
na_etd,100,0.8,20,100,89,89,11,0,0.89,0.89,251.84
na_etd,100,0.8,30,100,89,92,8,0,0.89,0.92,236.4
na_etd,100,0.8,40,100,89,94,6,0,0.89,0.94,219.84
na_etd,100,0.8,50,100,89,98,2,0,0.89,0.98,205.6
na_etd,100,1.0,10,100,90,90,10,0,0.9,0.9,277.38
na_etd,100,1.0,20,100,91,93,7,0,0.91,0.93,235.12
na_etd,100,1.0,30,100,90,90,10,0,0.9,0.9,241.26
na_etd,100,1.0,40,100,91,92,8,0,0.91,0.92,229.88
na_etd,100,1.0,50,100,91,97,3,0,0.91,0.97,203.76
na_sd,70,0.2,10,100,25,25,75,0,0.25,0.25,801.96
na_sd,70,0.2,20,100,27,27,73,0,0.27,0.27,785.94
na_sd,70,0.2,30,100,27,31,69,0,0.27,0.31,756.68
na_sd,70,0.2,40,100,27,72,28,0,0.27,0.72,491.06
na_sd,70,0.2,50,100,27,97,3,0,0.27,0.97,278.52
na_sd,70,0.4,10,100,23,23,77,0,0.23,0.23,807.02
na_sd,70,0.4,20,100,21,21,79,0,0.21,0.21,828.4
na_sd,70,0.4,30,100,22,23,77,0,0.22,0.23,813.22
na_sd,70,0.4,40,100,22,63,37,0,0.22,0.63,557.08
na_sd,70,0.4,50,100,23,97,3,0,0.23,0.97,330.74
na_sd,70,0.6,10,100,16,16,84,0,0.16,0.16,870.56
na_sd,70,0.6,20,100,16,16,84,0,0.16,0.16,871.22
na_sd,70,0.6,30,100,17,17,83,0,0.17,0.17,863.38
na_sd,70,0.6,40,100,19,58,42,0,0.19,0.58,631.0
na_sd,70,0.6,50,100,17,94,6,0,0.17,0.94,369.12
na_sd,70,0.8,10,100,15,15,85,0,0.15,0.15,874.58
na_sd,70,0.8,20,100,17,17,83,0,0.17,0.17,869.6
na_sd,70,0.8,30,100,19,19,81,0,0.19,0.19,856.32
na_sd,70,0.8,40,100,19,52,48,0,0.19,0.52,682.28
na_sd,70,0.8,50,100,20,96,4,0,0.2,0.96,377.72
na_sd,70,1.0,10,100,16,16,84,0,0.16,0.16,867.86
na_sd,70,1.0,20,100,16,17,83,0,0.16,0.17,873.76
na_sd,70,1.0,30,100,17,18,82,0,0.17,0.18,856.0
na_sd,70,1.0,40,100,17,59,41,0,0.17,0.59,650.88
na_sd,70,1.0,50,100,17,93,7,0,0.17,0.93,387.08
na_sd,100,0.2,10,100,89,89,11,0,0.89,0.89,265.82
na_sd,100,0.2,20,100,90,91,9,0,0.9,0.91,246.4
na_sd,100,0.2,30,100,90,92,8,0,0.9,0.92,233.2
na_sd,100,0.2,40,100,90,95,5,0,0.9,0.95,208.52
na_sd,100,0.2,50,100,90,97,3,0,0.9,0.97,197.32
na_sd,100,0.4,10,100,89,89,11,0,0.89,0.89,260.36
na_sd,100,0.4,20,100,89,90,10,0,0.89,0.9,253.3
na_sd,100,0.4,30,100,89,92,8,0,0.89,0.92,227.76
na_sd,100,0.4,40,100,89,94,6,0,0.89,0.94,216.84
na_sd,100,0.4,50,100,89,94,6,0,0.89,0.94,219.0
na_sd,100,0.6,10,100,89,89,11,0,0.89,0.89,265.54
na_sd,100,0.6,20,100,89,90,10,0,0.89,0.9,251.62
na_sd,100,0.6,30,100,89,93,7,0,0.89,0.93,222.5
na_sd,100,0.6,40,100,89,93,7,0,0.89,0.93,226.86
na_sd,100,0.6,50,100,89,94,6,0,0.89,0.94,219.7
na_sd,100,0.8,10,100,90,90,10,0,0.9,0.9,254.1
na_sd,100,0.8,20,100,90,90,10,0,0.9,0.9,243.68
na_sd,100,0.8,30,100,90,96,4,0,0.9,0.96,217.2
na_sd,100,0.8,40,100,90,95,5,0,0.9,0.95,211.48
na_sd,100,0.8,50,100,90,98,2,0,0.9,0.98,197.14
na_sd,100,1.0,10,100,90,90,10,0,0.9,0.9,255.22
na_sd,100,1.0,20,100,90,92,8,0,0.9,0.92,243.92
na_sd,100,1.0,30,100,90,91,9,0,0.9,0.91,233.26
na_sd,100,1.0,40,100,90,97,3,0,0.9,0.97,209.08
na_sd,100,1.0,50,100,90,97,3,0,0.9,0.97,204.3
na_sis,70,0.2,10,100,19,19,81,0,0.19,0.19,841.8
na_sis,70,0.2,20,100,26,26,74,0,0.26,0.26,801.98
na_sis,70,0.2,30,100,25,26,74,0,0.25,0.26,793.32
na_sis,70,0.2,40,100,25,62,38,0,0.25,0.62,594.28
na_sis,70,0.2,50,100,25,91,9,0,0.25,0.91,375.6
na_sis,70,0.4,10,100,21,22,78,0,0.21,0.22,836.82
na_sis,70,0.4,20,100,20,20,80,0,0.2,0.2,837.32
na_sis,70,0.4,30,100,20,22,78,0,0.2,0.22,822.14
na_sis,70,0.4,40,100,23,59,41,0,0.23,0.59,612.2
na_sis,70,0.4,50,100,22,92,8,0,0.22,0.92,383.2
na_sis,70,0.6,10,100,19,19,81,0,0.19,0.19,849.22
na_sis,70,0.6,20,100,20,21,79,0,0.2,0.21,847.78
na_sis,70,0.6,30,100,22,24,76,0,0.22,0.24,821.42
na_sis,70,0.6,40,100,21,62,38,0,0.21,0.62,643.78
na_sis,70,0.6,50,100,21,87,13,0,0.21,0.87,418.24
na_sis,70,0.8,10,100,22,23,77,0,0.22,0.23,827.9
na_sis,70,0.8,20,100,21,22,78,0,0.21,0.22,831.12
na_sis,70,0.8,30,100,21,22,78,0,0.21,0.22,828.48
na_sis,70,0.8,40,100,21,62,38,0,0.21,0.62,628.92
na_sis,70,0.8,50,100,21,90,10,0,0.21,0.9,402.92
na_sis,70,1.0,10,100,23,23,77,0,0.23,0.23,814.56
na_sis,70,1.0,20,100,18,18,82,0,0.18,0.18,861.08
na_sis,70,1.0,30,100,20,22,78,0,0.2,0.22,831.66
na_sis,70,1.0,40,100,21,56,44,0,0.21,0.56,652.52
na_sis,70,1.0,50,100,21,88,12,0,0.21,0.88,422.76
na_sis,100,0.2,10,100,89,89,11,0,0.89,0.89,273.3
na_sis,100,0.2,20,100,89,90,10,0,0.89,0.9,244.46
na_sis,100,0.2,30,100,89,91,9,0,0.89,0.91,236.46
na_sis,100,0.2,40,100,89,93,7,0,0.89,0.93,228.86
na_sis,100,0.2,50,100,89,95,5,0,0.89,0.95,217.68
na_sis,100,0.4,10,100,87,87,13,0,0.87,0.87,279.46
na_sis,100,0.4,20,100,89,90,10,0,0.89,0.9,247.32
na_sis,100,0.4,30,100,89,92,8,0,0.89,0.92,235.04
na_sis,100,0.4,40,100,89,94,6,0,0.89,0.94,220.12
na_sis,100,0.4,50,100,89,96,4,0,0.89,0.96,220.32
na_sis,100,0.6,10,100,88,88,12,0,0.88,0.88,280.48
na_sis,100,0.6,20,100,89,89,11,0,0.89,0.89,252.74
na_sis,100,0.6,30,100,89,93,7,0,0.89,0.93,230.76
na_sis,100,0.6,40,100,90,94,6,0,0.9,0.94,224.02
na_sis,100,0.6,50,100,90,99,1,0,0.9,0.99,190.68
na_sis,100,0.8,10,100,88,88,12,0,0.88,0.88,270.52
na_sis,100,0.8,20,100,88,90,10,0,0.88,0.9,245.18
na_sis,100,0.8,30,100,89,91,9,0,0.89,0.91,237.82
na_sis,100,0.8,40,100,89,95,5,0,0.89,0.95,214.26
na_sis,100,0.8,50,100,89,96,4,0,0.89,0.96,210.46
na_sis,100,1.0,10,100,90,90,10,0,0.9,0.9,273.62
na_sis,100,1.0,20,100,90,90,10,0,0.9,0.9,245.48
na_sis,100,1.0,30,100,90,91,9,0,0.9,0.91,243.76
na_sis,100,1.0,40,100,89,95,5,0,0.89,0.95,219.26
na_sis,100,1.0,50,100,89,95,5,0,0.89,0.95,226.48
oa_etd,70,0.2,10,100,30,31,9,60,0.3,0.31,432.68
oa_etd,70,0.2,20,100,12,12,20,68,0.12,0.12,483.54
oa_etd,70,0.2,30,100,10,18,7,75,0.1,0.18,381.54
oa_etd,70,0.2,40,100,9,17,4,79,0.09,0.17,337.72
oa_etd,70,0.2,50,100,9,17,4,79,0.09,0.17,331.82
oa_etd,70,0.4,10,100,27,27,11,62,0.27,0.27,434.93
oa_etd,70,0.4,20,100,11,12,13,75,0.11,0.12,420.84
oa_etd,70,0.4,30,100,8,11,7,82,0.08,0.11,405.44
oa_etd,70,0.4,40,100,6,12,8,80,0.06,0.12,398.42
oa_etd,70,0.4,50,100,6,12,9,79,0.06,0.12,394.76
oa_etd,70,0.6,10,100,22,23,13,64,0.22,0.23,429.92
oa_etd,70,0.6,20,100,9,10,17,73,0.09,0.1,438.05
oa_etd,70,0.6,30,100,6,11,8,81,0.06,0.11,408.03
oa_etd,70,0.6,40,100,5,11,10,79,0.05,0.11,378.15
oa_etd,70,0.6,50,100,4,11,5,84,0.04,0.11,335.53
oa_etd,70,0.8,10,100,30,30,11,59,0.3,0.3,406.32
oa_etd,70,0.8,20,100,7,8,11,81,0.07,0.08,392.33
oa_etd,70,0.8,30,100,3,7,4,89,0.03,0.07,326.54
oa_etd,70,0.8,40,100,3,6,4,90,0.03,0.06,323.19
oa_etd,70,0.8,50,100,3,6,4,90,0.03,0.06,327.35
oa_etd,70,1.0,10,100,23,25,14,61,0.23,0.25,433.16
oa_etd,70,1.0,20,100,7,8,6,86,0.07,0.08,366.38
oa_etd,70,1.0,30,100,5,7,8,85,0.05,0.07,386.31
oa_etd,70,1.0,40,100,2,4,10,86,0.02,0.04,351.18
oa_etd,70,1.0,50,100,2,4,9,87,0.02,0.04,361.04
oa_etd,100,0.2,10,100,93,93,1,6,0.93,0.93,331.64
oa_etd,100,0.2,20,100,89,89,2,9,0.89,0.89,251.88
oa_etd,100,0.2,30,100,88,88,0,12,0.88,0.88,187.53
oa_etd,100,0.2,40,100,88,88,2,10,0.88,0.88,197.34
oa_etd,100,0.2,50,100,88,88,1,11,0.88,0.88,189.09
oa_etd,100,0.4,10,100,93,93,2,5,0.93,0.93,338.94
oa_etd,100,0.4,20,100,89,89,2,9,0.89,0.89,233.84
oa_etd,100,0.4,30,100,86,86,4,10,0.86,0.86,207.58
oa_etd,100,0.4,40,100,86,86,1,13,0.86,0.86,187.87
oa_etd,100,0.4,50,100,86,86,1,13,0.86,0.86,178.8
oa_etd,100,0.6,10,100,92,93,1,6,0.92,0.93,316.08
oa_etd,100,0.6,20,100,87,87,2,11,0.87,0.87,221.19
oa_etd,100,0.6,30,100,86,86,1,13,0.86,0.86,182.58
oa_etd,100,0.6,40,100,85,85,0,15,0.85,0.85,185.62
oa_etd,100,0.6,50,100,85,85,1,14,0.85,0.85,186.12
oa_etd,100,0.8,10,100,93,93,1,6,0.93,0.93,308.14
oa_etd,100,0.8,20,100,86,86,2,12,0.86,0.86,216.66
oa_etd,100,0.8,30,100,86,87,1,12,0.86,0.87,185.23
oa_etd,100,0.8,40,100,86,87,1,12,0.86,0.87,188.44
oa_etd,100,0.8,50,100,86,87,3,10,0.86,0.87,198.87
oa_etd,100,1.0,10,100,92,92,0,8,0.92,0.92,303.98
oa_etd,100,1.0,20,100,89,89,3,8,0.89,0.89,223.13
oa_etd,100,1.0,30,100,87,88,2,10,0.87,0.88,193.81
oa_etd,100,1.0,40,100,87,88,4,8,0.87,0.88,200.84
oa_etd,100,1.0,50,100,86,87,3,10,0.86,0.87,193.88
oa_sd,70,0.2,10,100,42,42,13,45,0.42,0.42,466.1
oa_sd,70,0.2,20,100,25,26,29,45,0.25,0.26,529.83
oa_sd,70,0.2,30,100,20,24,21,55,0.2,0.24,456.64
oa_sd,70,0.2,40,100,22,28,10,62,0.22,0.28,411.05
oa_sd,70,0.2,50,100,21,28,13,59,0.21,0.28,399.13
oa_sd,70,0.4,10,100,27,27,24,49,0.27,0.27,545.01
oa_sd,70,0.4,20,100,18,18,30,52,0.18,0.18,526.91
oa_sd,70,0.4,30,100,19,26,16,58,0.19,0.26,474.68
oa_sd,70,0.4,40,100,17,30,9,61,0.17,0.3,409.62
oa_sd,70,0.4,50,100,17,28,6,66,0.17,0.28,335.46
oa_sd,70,0.6,10,100,23,23,25,52,0.23,0.23,527.15
oa_sd,70,0.6,20,100,13,13,31,56,0.13,0.13,560.21
oa_sd,70,0.6,30,100,8,18,22,60,0.08,0.18,534.52
oa_sd,70,0.6,40,100,10,23,16,61,0.1,0.23,457.24
oa_sd,70,0.6,50,100,8,19,15,66,0.08,0.19,420.42
oa_sd,70,0.8,10,100,15,15,22,63,0.15,0.15,533.93
oa_sd,70,0.8,20,100,9,9,30,61,0.09,0.09,562.67
oa_sd,70,0.8,30,100,6,15,22,63,0.06,0.15,514.5
oa_sd,70,0.8,40,100,7,19,18,63,0.07,0.19,454.57
oa_sd,70,0.8,50,100,7,18,9,73,0.07,0.18,394.04
oa_sd,70,1.0,10,100,17,17,18,65,0.17,0.17,493.85
oa_sd,70,1.0,20,100,8,8,26,66,0.08,0.08,515.88
oa_sd,70,1.0,30,100,7,15,12,73,0.07,0.15,432.78
oa_sd,70,1.0,40,100,6,15,9,76,0.06,0.15,420.01
oa_sd,70,1.0,50,100,5,17,10,73,0.05,0.17,417.63
oa_sd,100,0.2,10,100,97,97,1,2,0.97,0.97,365.12
oa_sd,100,0.2,20,100,93,93,2,5,0.93,0.93,271.12
oa_sd,100,0.2,30,100,93,93,2,5,0.93,0.93,204.3
oa_sd,100,0.2,40,100,93,93,1,6,0.93,0.93,184.98
oa_sd,100,0.2,50,100,92,92,1,7,0.92,0.92,191.76
oa_sd,100,0.4,10,100,93,93,0,7,0.93,0.93,353.4
oa_sd,100,0.4,20,100,90,90,3,7,0.9,0.9,260.94
oa_sd,100,0.4,30,100,90,90,1,9,0.9,0.9,201.79
oa_sd,100,0.4,40,100,89,89,2,9,0.89,0.89,195.36
oa_sd,100,0.4,50,100,89,89,1,10,0.89,0.89,185.18
oa_sd,100,0.6,10,100,95,95,1,4,0.95,0.95,376.6
oa_sd,100,0.6,20,100,89,89,3,8,0.89,0.89,268.93
oa_sd,100,0.6,30,100,88,88,3,9,0.88,0.88,214.73
oa_sd,100,0.6,40,100,87,87,4,9,0.87,0.87,209.65
oa_sd,100,0.6,50,100,87,87,4,9,0.87,0.87,206.55
oa_sd,100,0.8,10,100,94,94,1,5,0.94,0.94,356.6
oa_sd,100,0.8,20,100,88,88,1,11,0.88,0.88,258.63
oa_sd,100,0.8,30,100,87,87,1,12,0.87,0.87,199.61
oa_sd,100,0.8,40,100,85,85,3,12,0.85,0.85,207.4
oa_sd,100,0.8,50,100,85,85,1,14,0.85,0.85,214.62
oa_sd,100,1.0,10,100,91,91,2,7,0.91,0.91,356.36
oa_sd,100,1.0,20,100,88,88,1,11,0.88,0.88,273.77
oa_sd,100,1.0,30,100,85,85,1,14,0.85,0.85,219.29
oa_sd,100,1.0,40,100,84,84,0,16,0.84,0.84,208.48
oa_sd,100,1.0,50,100,83,83,1,16,0.83,0.83,197.12
oa_sis,70,0.2,10,100,25,25,13,62,0.25,0.25,442.12
oa_sis,70,0.2,20,100,12,13,21,66,0.12,0.13,463.12
oa_sis,70,0.2,30,100,9,15,13,72,0.09,0.15,382.21
oa_sis,70,0.2,40,100,8,15,6,79,0.08,0.15,347.98
oa_sis,70,0.2,50,100,9,18,3,79,0.09,0.18,364.14
oa_sis,70,0.4,10,100,23,23,7,70,0.23,0.23,394.25
oa_sis,70,0.4,20,100,10,11,13,76,0.1,0.11,425.09
oa_sis,70,0.4,30,100,9,14,6,80,0.09,0.14,400.16
oa_sis,70,0.4,40,100,7,14,5,81,0.07,0.14,377.97
oa_sis,70,0.4,50,100,5,10,8,82,0.05,0.1,377.8
oa_sis,70,0.6,10,100,28,28,9,63,0.28,0.28,412.53
oa_sis,70,0.6,20,100,8,9,14,77,0.08,0.09,439.77
oa_sis,70,0.6,30,100,5,8,10,82,0.05,0.08,411.86
oa_sis,70,0.6,40,100,4,8,7,85,0.04,0.08,368.16
oa_sis,70,0.6,50,100,4,7,9,84,0.04,0.07,363.47
oa_sis,70,0.8,10,100,24,24,10,66,0.24,0.24,403.01
oa_sis,70,0.8,20,100,6,7,17,76,0.06,0.07,443.14
oa_sis,70,0.8,30,100,5,9,9,82,0.05,0.09,398.08
oa_sis,70,0.8,40,100,4,9,5,86,0.04,0.09,358.84
oa_sis,70,0.8,50,100,4,8,7,85,0.04,0.08,326.44
oa_sis,70,1.0,10,100,27,27,13,60,0.27,0.27,409.94
oa_sis,70,1.0,20,100,7,8,12,80,0.07,0.08,416.0
oa_sis,70,1.0,30,100,2,4,8,88,0.02,0.04,381.14
oa_sis,70,1.0,40,100,4,9,4,87,0.04,0.09,339.44
oa_sis,70,1.0,50,100,2,6,3,91,0.02,0.06,362.72
oa_sis,100,0.2,10,100,90,90,2,8,0.9,0.9,334.4
oa_sis,100,0.2,20,100,88,88,3,9,0.88,0.88,254.8
oa_sis,100,0.2,30,100,87,87,1,12,0.87,0.87,194.52
oa_sis,100,0.2,40,100,87,87,1,12,0.87,0.87,184.13
oa_sis,100,0.2,50,100,87,87,0,13,0.87,0.87,195.64
oa_sis,100,0.4,10,100,93,93,0,7,0.93,0.93,324.24
oa_sis,100,0.4,20,100,87,87,0,13,0.87,0.87,207.86
oa_sis,100,0.4,30,100,86,86,2,12,0.86,0.86,190.14
oa_sis,100,0.4,40,100,86,86,1,13,0.86,0.86,188.46
oa_sis,100,0.4,50,100,86,86,0,14,0.86,0.86,184.98
oa_sis,100,0.6,10,100,92,92,2,6,0.92,0.92,321.78
oa_sis,100,0.6,20,100,87,87,2,11,0.87,0.87,224.85
oa_sis,100,0.6,30,100,87,87,2,11,0.87,0.87,187.25
oa_sis,100,0.6,40,100,86,86,1,13,0.86,0.86,180.34
oa_sis,100,0.6,50,100,86,86,1,13,0.86,0.86,176.98
oa_sis,100,0.8,10,100,88,88,1,11,0.88,0.88,306.3
oa_sis,100,0.8,20,100,87,88,2,10,0.87,0.88,222.0
oa_sis,100,0.8,30,100,87,87,3,10,0.87,0.87,197.04
oa_sis,100,0.8,40,100,89,89,0,11,0.89,0.89,175.86
oa_sis,100,0.8,50,100,87,87,1,12,0.87,0.87,181.28
oa_sis,100,1.0,10,100,92,92,1,7,0.92,0.92,306.24
oa_sis,100,1.0,20,100,88,89,2,9,0.88,0.89,222.6
oa_sis,100,1.0,30,100,87,88,1,11,0.87,0.88,202.78
oa_sis,100,1.0,40,100,87,88,3,9,0.87,0.88,204.94
oa_sis,100,1.0,50,100,87,88,2,10,0.87,0.88,201.64
