algorithm,lambda,m,warmup,n,target,budget,other,breakdown
aa_etd,1.0,10,0,100,0,0,100,0
aa_etd,1.0,10,10,100,0,0,100,0
aa_etd,1.0,10,20,100,0,0,100,0
aa_etd,1.0,10,30,100,0,0,100,0
aa_etd,1.0,10,40,100,0,0,100,0
aa_etd,1.0,10,50,100,0,0,100,0
aa_etd,1.0,10,60,100,4,0,96,0
aa_etd,1.0,10,70,100,33,0,67,0
aa_etd,1.0,10,80,100,68,0,32,0
aa_etd,1.0,10,90,100,88,0,12,0
aa_etd,1.0,10,100,100,91,0,9,0
aa_etd,1.0,10,110,100,97,0,3,0
aa_etd,1.0,10,120,100,100,0,0,0
aa_etd,1.0,10,130,100,100,0,0,0
aa_etd,1.0,10,140,100,100,0,0,0
aa_etd,1.0,10,150,100,100,0,0,0
aa_etd,1.0,10,160,100,100,0,0,0
aa_etd,1.0,10,170,100,100,0,0,0
aa_etd,1.0,10,180,100,100,0,0,0
aa_etd,1.0,10,190,100,100,0,0,0
aa_etd,1.0,10,200,100,100,0,0,0
aa_sd,1.0,10,0,100,0,0,100,0
aa_sd,1.0,10,10,100,0,0,100,0
aa_sd,1.0,10,20,100,0,0,100,0
aa_sd,1.0,10,30,100,0,0,100,0
aa_sd,1.0,10,40,100,0,0,100,0
aa_sd,1.0,10,50,100,0,0,100,0
aa_sd,1.0,10,60,100,3,0,97,0
aa_sd,1.0,10,70,100,31,0,69,0
aa_sd,1.0,10,80,100,67,0,33,0
aa_sd,1.0,10,90,100,86,0,14,0
aa_sd,1.0,10,100,100,90,0,10,0
aa_sd,1.0,10,110,100,97,0,3,0
aa_sd,1.0,10,120,100,100,0,0,0
aa_sd,1.0,10,130,100,100,0,0,0
aa_sd,1.0,10,140,100,100,0,0,0
aa_sd,1.0,10,150,100,100,0,0,0
aa_sd,1.0,10,160,100,100,0,0,0
aa_sd,1.0,10,170,100,100,0,0,0
aa_sd,1.0,10,180,100,100,0,0,0
aa_sd,1.0,10,190,100,100,0,0,0
aa_sd,1.0,10,200,100,100,0,0,0
aa_sis,0.8,10,0,100,0,0,100,0
aa_sis,0.8,10,10,100,0,0,100,0
aa_sis,0.8,10,20,100,0,0,100,0
aa_sis,0.8,10,30,100,0,0,100,0
aa_sis,0.8,10,40,100,0,0,100,0
aa_sis,0.8,10,50,100,0,0,100,0
aa_sis,0.8,10,60,100,1,0,99,0
aa_sis,0.8,10,70,100,28,0,72,0
aa_sis,0.8,10,80,100,65,0,35,0
aa_sis,0.8,10,90,100,84,0,16,0
aa_sis,0.8,10,100,100,89,0,11,0
aa_sis,0.8,10,110,100,97,0,3,0
aa_sis,0.8,10,120,100,100,0,0,0
aa_sis,0.8,10,130,100,100,0,0,0
aa_sis,0.8,10,140,100,100,0,0,0
aa_sis,0.8,10,150,100,100,0,0,0
aa_sis,0.8,10,160,100,100,0,0,0
aa_sis,0.8,10,170,100,100,0,0,0
aa_sis,0.8,10,180,100,100,0,0,0
aa_sis,0.8,10,190,100,100,0,0,0
aa_sis,0.8,10,200,100,100,0,0,0
na_etd,0.2,50,0,100,0,0,100,0
na_etd,0.2,50,10,100,0,0,100,0
na_etd,0.2,50,20,100,0,0,100,0
na_etd,0.2,50,30,100,0,0,100,0
na_etd,0.2,50,40,100,0,0,100,0
na_etd,0.2,50,50,100,0,2,98,0
na_etd,0.2,50,60,100,0,6,94,0
na_etd,0.2,50,70,100,26,4,70,0
na_etd,0.2,50,80,100,63,8,29,0
na_etd,0.2,50,90,100,84,5,11,0
na_etd,0.2,50,100,100,89,4,7,0
na_etd,0.2,50,110,100,95,1,4,0
na_etd,0.2,50,120,100,99,1,0,0
na_etd,0.2,50,130,100,100,0,0,0
na_etd,0.2,50,140,100,100,0,0,0
na_etd,0.2,50,150,100,100,0,0,0
na_etd,0.2,50,160,100,100,0,0,0
na_etd,0.2,50,170,100,100,0,0,0
na_etd,0.2,50,180,100,100,0,0,0
na_etd,0.2,50,190,100,100,0,0,0
na_etd,0.2,50,200,100,100,0,0,0
na_sd,0.2,50,0,100,0,1,99,0
na_sd,0.2,50,10,100,0,0,100,0
na_sd,0.2,50,20,100,0,0,100,0
na_sd,0.2,50,30,100,0,0,100,0
na_sd,0.2,50,40,100,0,2,98,0
na_sd,0.2,50,50,100,0,0,100,0
na_sd,0.2,50,60,100,1,0,99,0
na_sd,0.2,50,70,100,27,4,69,0
na_sd,0.2,50,80,100,63,7,30,0
na_sd,0.2,50,90,100,85,4,11,0
na_sd,0.2,50,100,100,90,3,7,0
na_sd,0.2,50,110,100,97,1,2,0
na_sd,0.2,50,120,100,100,0,0,0
na_sd,0.2,50,130,100,100,0,0,0
na_sd,0.2,50,140,100,100,0,0,0
na_sd,0.2,50,150,100,100,0,0,0
na_sd,0.2,50,160,100,100,0,0,0
na_sd,0.2,50,170,100,100,0,0,0
na_sd,0.2,50,180,100,100,0,0,0
na_sd,0.2,50,190,100,100,0,0,0
na_sd,0.2,50,200,100,100,0,0,0
na_sis,0.2,20,0,100,0,83,17,0
na_sis,0.2,20,10,100,0,78,22,0
na_sis,0.2,20,20,100,0,86,14,0
na_sis,0.2,20,30,100,0,95,5,0
na_sis,0.2,20,40,100,0,99,1,0
na_sis,0.2,20,50,100,0,100,0,0
na_sis,0.2,20,60,100,1,99,0,0
na_sis,0.2,20,70,100,27,73,0,0
na_sis,0.2,20,80,100,62,37,1,0
na_sis,0.2,20,90,100,83,17,0,0
na_sis,0.2,20,100,100,89,10,1,0
na_sis,0.2,20,110,100,95,5,0,0
na_sis,0.2,20,120,100,98,2,0,0
na_sis,0.2,20,130,100,100,0,0,0
na_sis,0.2,20,140,100,99,1,0,0
na_sis,0.2,20,150,100,100,0,0,0
na_sis,0.2,20,160,100,100,0,0,0
na_sis,0.2,20,170,100,100,0,0,0
na_sis,0.2,20,180,100,100,0,0,0
na_sis,0.2,20,190,100,100,0,0,0
na_sis,0.2,20,200,100,100,0,0,0
oa_etd,0.2,10,0,100,0,79,1,20
oa_etd,0.2,10,10,100,0,78,5,17
oa_etd,0.2,10,20,100,0,80,4,16
oa_etd,0.2,10,30,100,0,72,0,28
oa_etd,0.2,10,40,100,2,55,0,43
oa_etd,0.2,10,50,100,1,46,0,53
oa_etd,0.2,10,60,100,6,24,0,70
oa_etd,0.2,10,70,100,28,10,0,62
oa_etd,0.2,10,80,100,63,2,0,35
oa_etd,0.2,10,90,100,83,2,1,14
oa_etd,0.2,10,100,100,92,2,0,6
oa_etd,0.2,10,110,100,95,0,0,5
oa_etd,0.2,10,120,100,96,1,0,3
oa_etd,0.2,10,130,100,99,0,0,1
oa_etd,0.2,10,140,100,100,0,0,0
oa_etd,0.2,10,150,100,99,0,0,1
oa_etd,0.2,10,160,100,100,0,0,0
oa_etd,0.2,10,170,100,99,0,0,1
oa_etd,0.2,10,180,100,100,0,0,0
oa_etd,0.2,10,190,100,100,0,0,0
oa_etd,0.2,10,200,100,100,0,0,0
oa_sd,0.2,10,0,100,1,68,0,31
oa_sd,0.2,10,10,100,1,64,0,35
oa_sd,0.2,10,20,100,0,92,0,8
oa_sd,0.2,10,30,100,0,85,0,15
oa_sd,0.2,10,40,100,0,75,0,25
oa_sd,0.2,10,50,100,0,78,0,22
oa_sd,0.2,10,60,100,12,50,0,38
oa_sd,0.2,10,70,100,39,17,0,44
oa_sd,0.2,10,80,100,74,1,0,25
oa_sd,0.2,10,90,100,91,1,0,8
oa_sd,0.2,10,100,100,97,1,0,2
oa_sd,0.2,10,110,100,96,0,0,4
oa_sd,0.2,10,120,100,98,0,1,1
oa_sd,0.2,10,130,100,99,0,0,1
oa_sd,0.2,10,140,100,100,0,0,0
oa_sd,0.2,10,150,100,100,0,0,0
oa_sd,0.2,10,160,100,100,0,0,0
oa_sd,0.2,10,170,100,100,0,0,0
oa_sd,0.2,10,180,100,100,0,0,0
oa_sd,0.2,10,190,100,100,0,0,0
oa_sd,0.2,10,200,100,100,0,0,0
oa_sis,0.6,10,0,100,0,78,6,16
oa_sis,0.6,10,10,100,1,73,12,14
oa_sis,0.6,10,20,100,0,75,7,18
oa_sis,0.6,10,30,100,1,72,0,27
oa_sis,0.6,10,40,100,1,59,0,40
oa_sis,0.6,10,50,100,2,34,0,64
oa_sis,0.6,10,60,100,6,28,1,65
oa_sis,0.6,10,70,100,23,10,0,67
oa_sis,0.6,10,80,100,60,5,0,35
oa_sis,0.6,10,90,100,80,3,1,16
oa_sis,0.6,10,100,100,91,0,0,9
oa_sis,0.6,10,110,100,95,1,0,4
oa_sis,0.6,10,120,100,98,0,0,2
oa_sis,0.6,10,130,100,99,0,0,1
oa_sis,0.6,10,140,100,100,0,0,0
oa_sis,0.6,10,150,100,100,0,0,0
oa_sis,0.6,10,160,100,100,0,0,0
oa_sis,0.6,10,170,100,100,0,0,0
oa_sis,0.6,10,180,100,100,0,0,0
oa_sis,0.6,10,190,100,100,0,0,0
oa_sis,0.6,10,200,100,100,0,0,0
