algorithm,xN,fA,min_fevals
anderson_etd,18.0,0.45,53
anderson_etd,18.0,0.46,52
anderson_etd,18.0,0.47,51
anderson_etd,18.0,0.48,50
anderson_etd,18.0,0.49,51
anderson_etd,18.0,0.5,52
anderson_etd,18.0,0.51,53
anderson_etd,18.0,0.52,54
anderson_etd,18.0,0.53,54
anderson_etd,18.0,0.54,55
anderson_etd,18.0,0.55,56
anderson_etd,18.5,0.45,53
anderson_etd,18.5,0.46,51
anderson_etd,18.5,0.47,51
anderson_etd,18.5,0.48,51
anderson_etd,18.5,0.49,51
anderson_etd,18.5,0.5,50
anderson_etd,18.5,0.51,51
anderson_etd,18.5,0.52,53
anderson_etd,18.5,0.53,53
anderson_etd,18.5,0.54,55
anderson_etd,18.5,0.55,56
anderson_etd,19.0,0.45,53
anderson_etd,19.0,0.46,52
anderson_etd,19.0,0.47,51
anderson_etd,19.0,0.48,51
anderson_etd,19.0,0.49,49
anderson_etd,19.0,0.5,48
anderson_etd,19.0,0.51,49
anderson_etd,19.0,0.52,53
anderson_etd,19.0,0.53,53
anderson_etd,19.0,0.54,54
anderson_etd,19.0,0.55,54
anderson_etd,19.5,0.45,53
anderson_etd,19.5,0.46,52
anderson_etd,19.5,0.47,50
anderson_etd,19.5,0.48,50
anderson_etd,19.5,0.49,46
anderson_etd,19.5,0.5,45
anderson_etd,19.5,0.51,50
anderson_etd,19.5,0.52,51
anderson_etd,19.5,0.53,52
anderson_etd,19.5,0.54,54
anderson_etd,19.5,0.55,54
anderson_etd,20.0,0.45,53
anderson_etd,20.0,0.46,53
anderson_etd,20.0,0.47,51
anderson_etd,20.0,0.48,49
anderson_etd,20.0,0.49,47
anderson_etd,20.0,0.5,2
anderson_etd,20.0,0.51,48
anderson_etd,20.0,0.52,52
anderson_etd,20.0,0.53,53
anderson_etd,20.0,0.54,52
anderson_etd,20.0,0.55,52
anderson_sd,18.0,0.45,73
anderson_sd,18.0,0.46,72
anderson_sd,18.0,0.47,72
anderson_sd,18.0,0.48,71
anderson_sd,18.0,0.49,70
anderson_sd,18.0,0.5,69
anderson_sd,18.0,0.51,69
anderson_sd,18.0,0.52,71
anderson_sd,18.0,0.53,72
anderson_sd,18.0,0.54,74
anderson_sd,18.0,0.55,74
anderson_sd,18.5,0.45,73
anderson_sd,18.5,0.46,72
anderson_sd,18.5,0.47,71
anderson_sd,18.5,0.48,70
anderson_sd,18.5,0.49,69
anderson_sd,18.5,0.5,67
anderson_sd,18.5,0.51,68
anderson_sd,18.5,0.52,69
anderson_sd,18.5,0.53,71
anderson_sd,18.5,0.54,75
anderson_sd,18.5,0.55,76
anderson_sd,19.0,0.45,73
anderson_sd,19.0,0.46,72
anderson_sd,19.0,0.47,70
anderson_sd,19.0,0.48,69
anderson_sd,19.0,0.49,67
anderson_sd,19.0,0.5,67
anderson_sd,19.0,0.51,66
anderson_sd,19.0,0.52,70
anderson_sd,19.0,0.53,71
anderson_sd,19.0,0.54,72
anderson_sd,19.0,0.55,74
anderson_sd,19.5,0.45,74
anderson_sd,19.5,0.46,72
anderson_sd,19.5,0.47,70
anderson_sd,19.5,0.48,68
anderson_sd,19.5,0.49,66
anderson_sd,19.5,0.5,62
anderson_sd,19.5,0.51,64
anderson_sd,19.5,0.52,69
anderson_sd,19.5,0.53,70
anderson_sd,19.5,0.54,73
anderson_sd,19.5,0.55,74
anderson_sd,20.0,0.45,73
anderson_sd,20.0,0.46,72
anderson_sd,20.0,0.47,70
anderson_sd,20.0,0.48,67
anderson_sd,20.0,0.49,64
anderson_sd,20.0,0.5,2
anderson_sd,20.0,0.51,66
anderson_sd,20.0,0.52,69
anderson_sd,20.0,0.53,71
anderson_sd,20.0,0.54,71
anderson_sd,20.0,0.55,73
anderson_sis,18.0,0.45,59
anderson_sis,18.0,0.46,58
anderson_sis,18.0,0.47,58
anderson_sis,18.0,0.48,57
anderson_sis,18.0,0.49,57
anderson_sis,18.0,0.5,57
anderson_sis,18.0,0.51,58
anderson_sis,18.0,0.52,57
anderson_sis,18.0,0.53,59
anderson_sis,18.0,0.54,60
anderson_sis,18.0,0.55,60
anderson_sis,18.5,0.45,60
anderson_sis,18.5,0.46,58
anderson_sis,18.5,0.47,58
anderson_sis,18.5,0.48,56
anderson_sis,18.5,0.49,55
anderson_sis,18.5,0.5,55
anderson_sis,18.5,0.51,57
anderson_sis,18.5,0.52,57
anderson_sis,18.5,0.53,59
anderson_sis,18.5,0.54,59
anderson_sis,18.5,0.55,60
anderson_sis,19.0,0.45,60
anderson_sis,19.0,0.46,58
anderson_sis,19.0,0.47,57
anderson_sis,19.0,0.48,55
anderson_sis,19.0,0.49,54
anderson_sis,19.0,0.5,55
anderson_sis,19.0,0.51,56
anderson_sis,19.0,0.52,56
anderson_sis,19.0,0.53,57
anderson_sis,19.0,0.54,57
anderson_sis,19.0,0.55,59
anderson_sis,19.5,0.45,59
anderson_sis,19.5,0.46,58
anderson_sis,19.5,0.47,57
anderson_sis,19.5,0.48,55
anderson_sis,19.5,0.49,54
anderson_sis,19.5,0.5,52
anderson_sis,19.5,0.51,54
anderson_sis,19.5,0.52,56
anderson_sis,19.5,0.53,55
anderson_sis,19.5,0.54,58
anderson_sis,19.5,0.55,59
anderson_sis,20.0,0.45,59
anderson_sis,20.0,0.46,58
anderson_sis,20.0,0.47,56
anderson_sis,20.0,0.48,55
anderson_sis,20.0,0.49,52
anderson_sis,20.0,0.5,2
anderson_sis,20.0,0.51,52
anderson_sis,20.0,0.52,55
anderson_sis,20.0,0.53,56
anderson_sis,20.0,0.54,57
anderson_sis,20.0,0.55,57
etd,18.0,0.45,206
etd,18.0,0.46,204
etd,18.0,0.47,199
etd,18.0,0.48,192
etd,18.0,0.49,185
etd,18.0,0.5,181
etd,18.0,0.51,191
etd,18.0,0.52,198
etd,18.0,0.53,199
etd,18.0,0.54,202
etd,18.0,0.55,204
etd,18.5,0.45,206
etd,18.5,0.46,204
etd,18.5,0.47,199
etd,18.5,0.48,198
etd,18.5,0.49,185
etd,18.5,0.5,175
etd,18.5,0.51,191
etd,18.5,0.52,195
etd,18.5,0.53,200
etd,18.5,0.54,202
etd,18.5,0.55,204
etd,19.0,0.45,205
etd,19.0,0.46,203
etd,19.0,0.47,200
etd,19.0,0.48,195
etd,19.0,0.49,185
etd,19.0,0.5,174
etd,19.0,0.51,189
etd,19.0,0.52,194
etd,19.0,0.53,200
etd,19.0,0.54,202
etd,19.0,0.55,204
etd,19.5,0.45,205
etd,19.5,0.46,203
etd,19.5,0.47,201
etd,19.5,0.48,194
etd,19.5,0.49,186
etd,19.5,0.5,160
etd,19.5,0.51,185
etd,19.5,0.52,193
etd,19.5,0.53,200
etd,19.5,0.54,203
etd,19.5,0.55,205
etd,20.0,0.45,205
etd,20.0,0.46,203
etd,20.0,0.47,201
etd,20.0,0.48,194
etd,20.0,0.49,185
etd,20.0,0.5,1
etd,20.0,0.51,185
etd,20.0,0.52,194
etd,20.0,0.53,201
etd,20.0,0.54,203
etd,20.0,0.55,207
ngmres_etd,18.0,0.45,91
ngmres_etd,18.0,0.46,89
ngmres_etd,18.0,0.47,87
ngmres_etd,18.0,0.48,87
ngmres_etd,18.0,0.49,91
ngmres_etd,18.0,0.5,97
ngmres_etd,18.0,0.51,93
ngmres_etd,18.0,0.52,91
ngmres_etd,18.0,0.53,91
ngmres_etd,18.0,0.54,93
ngmres_etd,18.0,0.55,95
ngmres_etd,18.5,0.45,91
ngmres_etd,18.5,0.46,91
ngmres_etd,18.5,0.47,89
ngmres_etd,18.5,0.48,89
ngmres_etd,18.5,0.49,89
ngmres_etd,18.5,0.5,95
ngmres_etd,18.5,0.51,89
ngmres_etd,18.5,0.52,91
ngmres_etd,18.5,0.53,91
ngmres_etd,18.5,0.54,97
ngmres_etd,18.5,0.55,97
ngmres_etd,19.0,0.45,91
ngmres_etd,19.0,0.46,91
ngmres_etd,19.0,0.47,91
ngmres_etd,19.0,0.48,89
ngmres_etd,19.0,0.49,87
ngmres_etd,19.0,0.5,93
ngmres_etd,19.0,0.51,87
ngmres_etd,19.0,0.52,91
ngmres_etd,19.0,0.53,93
ngmres_etd,19.0,0.54,93
ngmres_etd,19.0,0.55,95
ngmres_etd,19.5,0.45,91
ngmres_etd,19.5,0.46,91
ngmres_etd,19.5,0.47,89
ngmres_etd,19.5,0.48,87
ngmres_etd,19.5,0.49,83
ngmres_etd,19.5,0.5,89
ngmres_etd,19.5,0.51,85
ngmres_etd,19.5,0.52,89
ngmres_etd,19.5,0.53,91
ngmres_etd,19.5,0.54,95
ngmres_etd,19.5,0.55,93
ngmres_etd,20.0,0.45,93
ngmres_etd,20.0,0.46,93
ngmres_etd,20.0,0.47,89
ngmres_etd,20.0,0.48,87
ngmres_etd,20.0,0.49,83
ngmres_etd,20.0,0.5,1
ngmres_etd,20.0,0.51,87
ngmres_etd,20.0,0.52,93
ngmres_etd,20.0,0.53,93
ngmres_etd,20.0,0.54,91
ngmres_etd,20.0,0.55,93
ngmres_sd,18.0,0.45,139
ngmres_sd,18.0,0.46,137
ngmres_sd,18.0,0.47,137
ngmres_sd,18.0,0.48,133
ngmres_sd,18.0,0.49,133
ngmres_sd,18.0,0.5,129
ngmres_sd,18.0,0.51,131
ngmres_sd,18.0,0.52,133
ngmres_sd,18.0,0.53,135
ngmres_sd,18.0,0.54,135
ngmres_sd,18.0,0.55,137
ngmres_sd,18.5,0.45,139
ngmres_sd,18.5,0.46,137
ngmres_sd,18.5,0.47,135
ngmres_sd,18.5,0.48,133
ngmres_sd,18.5,0.49,131
ngmres_sd,18.5,0.5,125
ngmres_sd,18.5,0.51,129
ngmres_sd,18.5,0.52,131
ngmres_sd,18.5,0.53,133
ngmres_sd,18.5,0.54,141
ngmres_sd,18.5,0.55,143
ngmres_sd,19.0,0.45,137
ngmres_sd,19.0,0.46,135
ngmres_sd,19.0,0.47,133
ngmres_sd,19.0,0.48,131
ngmres_sd,19.0,0.49,129
ngmres_sd,19.0,0.5,123
ngmres_sd,19.0,0.51,127
ngmres_sd,19.0,0.52,133
ngmres_sd,19.0,0.53,135
ngmres_sd,19.0,0.54,137
ngmres_sd,19.0,0.55,141
ngmres_sd,19.5,0.45,137
ngmres_sd,19.5,0.46,135
ngmres_sd,19.5,0.47,133
ngmres_sd,19.5,0.48,129
ngmres_sd,19.5,0.49,125
ngmres_sd,19.5,0.5,115
ngmres_sd,19.5,0.51,121
ngmres_sd,19.5,0.52,131
ngmres_sd,19.5,0.53,135
ngmres_sd,19.5,0.54,139
ngmres_sd,19.5,0.55,141
ngmres_sd,20.0,0.45,137
ngmres_sd,20.0,0.46,135
ngmres_sd,20.0,0.47,133
ngmres_sd,20.0,0.48,129
ngmres_sd,20.0,0.49,121
ngmres_sd,20.0,0.5,1
ngmres_sd,20.0,0.51,127
ngmres_sd,20.0,0.52,133
ngmres_sd,20.0,0.53,137
ngmres_sd,20.0,0.54,137
ngmres_sd,20.0,0.55,139
ngmres_sis,18.0,0.45,93
ngmres_sis,18.0,0.46,91
ngmres_sis,18.0,0.47,91
ngmres_sis,18.0,0.48,89
ngmres_sis,18.0,0.49,91
ngmres_sis,18.0,0.5,93
ngmres_sis,18.0,0.51,91
ngmres_sis,18.0,0.52,91
ngmres_sis,18.0,0.53,91
ngmres_sis,18.0,0.54,93
ngmres_sis,18.0,0.55,93
ngmres_sis,18.5,0.45,93
ngmres_sis,18.5,0.46,91
ngmres_sis,18.5,0.47,91
ngmres_sis,18.5,0.48,89
ngmres_sis,18.5,0.49,89
ngmres_sis,18.5,0.5,93
ngmres_sis,18.5,0.51,91
ngmres_sis,18.5,0.52,89
ngmres_sis,18.5,0.53,93
ngmres_sis,18.5,0.54,95
ngmres_sis,18.5,0.55,95
ngmres_sis,19.0,0.45,93
ngmres_sis,19.0,0.46,93
ngmres_sis,19.0,0.47,91
ngmres_sis,19.0,0.48,87
ngmres_sis,19.0,0.49,89
ngmres_sis,19.0,0.5,91
ngmres_sis,19.0,0.51,89
ngmres_sis,19.0,0.52,89
ngmres_sis,19.0,0.53,91
ngmres_sis,19.0,0.54,93
ngmres_sis,19.0,0.55,93
ngmres_sis,19.5,0.45,95
ngmres_sis,19.5,0.46,95
ngmres_sis,19.5,0.47,91
ngmres_sis,19.5,0.48,89
ngmres_sis,19.5,0.49,87
ngmres_sis,19.5,0.5,87
ngmres_sis,19.5,0.51,85
ngmres_sis,19.5,0.52,89
ngmres_sis,19.5,0.53,91
ngmres_sis,19.5,0.54,95
ngmres_sis,19.5,0.55,93
ngmres_sis,20.0,0.45,97
ngmres_sis,20.0,0.46,95
ngmres_sis,20.0,0.47,91
ngmres_sis,20.0,0.48,91
ngmres_sis,20.0,0.49,87
ngmres_sis,20.0,0.5,1
ngmres_sis,20.0,0.51,87
ngmres_sis,20.0,0.52,91
ngmres_sis,20.0,0.53,91
ngmres_sis,20.0,0.54,93
ngmres_sis,20.0,0.55,93
oaccel_etd,18.0,0.45,100
oaccel_etd,18.0,0.46,96
oaccel_etd,18.0,0.47,96
oaccel_etd,18.0,0.48,96
oaccel_etd,18.0,0.49,94
oaccel_etd,18.0,0.5,96
oaccel_etd,18.0,0.51,98
oaccel_etd,18.0,0.52,96
oaccel_etd,18.0,0.53,98
oaccel_etd,18.0,0.54,102
oaccel_etd,18.0,0.55,102
oaccel_etd,18.5,0.45,98
oaccel_etd,18.5,0.46,96
oaccel_etd,18.5,0.47,96
oaccel_etd,18.5,0.48,94
oaccel_etd,18.5,0.49,96
oaccel_etd,18.5,0.5,100
oaccel_etd,18.5,0.51,98
oaccel_etd,18.5,0.52,98
oaccel_etd,18.5,0.53,98
oaccel_etd,18.5,0.54,102
oaccel_etd,18.5,0.55,102
oaccel_etd,19.0,0.45,100
oaccel_etd,19.0,0.46,96
oaccel_etd,19.0,0.47,94
oaccel_etd,19.0,0.48,94
oaccel_etd,19.0,0.49,92
oaccel_etd,19.0,0.5,96
oaccel_etd,19.0,0.51,94
oaccel_etd,19.0,0.52,96
oaccel_etd,19.0,0.53,100
oaccel_etd,19.0,0.54,100
oaccel_etd,19.0,0.55,104
oaccel_etd,19.5,0.45,100
oaccel_etd,19.5,0.46,98
oaccel_etd,19.5,0.47,94
oaccel_etd,19.5,0.48,96
oaccel_etd,19.5,0.49,92
oaccel_etd,19.5,0.5,90
oaccel_etd,19.5,0.51,92
oaccel_etd,19.5,0.52,100
oaccel_etd,19.5,0.53,100
oaccel_etd,19.5,0.54,100
oaccel_etd,19.5,0.55,102
oaccel_etd,20.0,0.45,98
oaccel_etd,20.0,0.46,98
oaccel_etd,20.0,0.47,98
oaccel_etd,20.0,0.48,92
oaccel_etd,20.0,0.49,90
oaccel_etd,20.0,0.5,4
oaccel_etd,20.0,0.51,94
oaccel_etd,20.0,0.52,98
oaccel_etd,20.0,0.53,100
oaccel_etd,20.0,0.54,96
oaccel_etd,20.0,0.55,104
oaccel_sd,18.0,0.45,152
oaccel_sd,18.0,0.46,150
oaccel_sd,18.0,0.47,148
oaccel_sd,18.0,0.48,144
oaccel_sd,18.0,0.49,144
oaccel_sd,18.0,0.5,144
oaccel_sd,18.0,0.51,138
oaccel_sd,18.0,0.52,144
oaccel_sd,18.0,0.53,144
oaccel_sd,18.0,0.54,146
oaccel_sd,18.0,0.55,148
oaccel_sd,18.5,0.45,150
oaccel_sd,18.5,0.46,150
oaccel_sd,18.5,0.47,148
oaccel_sd,18.5,0.48,142
oaccel_sd,18.5,0.49,144
oaccel_sd,18.5,0.5,138
oaccel_sd,18.5,0.51,140
oaccel_sd,18.5,0.52,142
oaccel_sd,18.5,0.53,144
oaccel_sd,18.5,0.54,152
oaccel_sd,18.5,0.55,154
oaccel_sd,19.0,0.45,150
oaccel_sd,19.0,0.46,150
oaccel_sd,19.0,0.47,148
oaccel_sd,19.0,0.48,142
oaccel_sd,19.0,0.49,138
oaccel_sd,19.0,0.5,136
oaccel_sd,19.0,0.51,136
oaccel_sd,19.0,0.52,144
oaccel_sd,19.0,0.53,148
oaccel_sd,19.0,0.54,150
oaccel_sd,19.0,0.55,152
oaccel_sd,19.5,0.45,152
oaccel_sd,19.5,0.46,150
oaccel_sd,19.5,0.47,144
oaccel_sd,19.5,0.48,140
oaccel_sd,19.5,0.49,134
oaccel_sd,19.5,0.5,128
oaccel_sd,19.5,0.51,134
oaccel_sd,19.5,0.52,142
oaccel_sd,19.5,0.53,146
oaccel_sd,19.5,0.54,152
oaccel_sd,19.5,0.55,154
oaccel_sd,20.0,0.45,152
oaccel_sd,20.0,0.46,150
oaccel_sd,20.0,0.47,146
oaccel_sd,20.0,0.48,140
oaccel_sd,20.0,0.49,132
oaccel_sd,20.0,0.5,110
oaccel_sd,20.0,0.51,140
oaccel_sd,20.0,0.52,142
oaccel_sd,20.0,0.53,150
oaccel_sd,20.0,0.54,150
oaccel_sd,20.0,0.55,154
oaccel_sis,18.0,0.45,100
oaccel_sis,18.0,0.46,96
oaccel_sis,18.0,0.47,96
oaccel_sis,18.0,0.48,94
oaccel_sis,18.0,0.49,94
oaccel_sis,18.0,0.5,98
oaccel_sis,18.0,0.51,98
oaccel_sis,18.0,0.52,98
oaccel_sis,18.0,0.53,102
oaccel_sis,18.0,0.54,102
oaccel_sis,18.0,0.55,102
oaccel_sis,18.5,0.45,102
oaccel_sis,18.5,0.46,100
oaccel_sis,18.5,0.47,98
oaccel_sis,18.5,0.48,94
oaccel_sis,18.5,0.49,96
oaccel_sis,18.5,0.5,98
oaccel_sis,18.5,0.51,96
oaccel_sis,18.5,0.52,96
oaccel_sis,18.5,0.53,100
oaccel_sis,18.5,0.54,100
oaccel_sis,18.5,0.55,102
oaccel_sis,19.0,0.45,102
oaccel_sis,19.0,0.46,100
oaccel_sis,19.0,0.47,98
oaccel_sis,19.0,0.48,94
oaccel_sis,19.0,0.49,94
oaccel_sis,19.0,0.5,98
oaccel_sis,19.0,0.51,96
oaccel_sis,19.0,0.52,96
oaccel_sis,19.0,0.53,100
oaccel_sis,19.0,0.54,100
oaccel_sis,19.0,0.55,102
oaccel_sis,19.5,0.45,102
oaccel_sis,19.5,0.46,100
oaccel_sis,19.5,0.47,100
oaccel_sis,19.5,0.48,96
oaccel_sis,19.5,0.49,94
oaccel_sis,19.5,0.5,94
oaccel_sis,19.5,0.51,92
oaccel_sis,19.5,0.52,96
oaccel_sis,19.5,0.53,100
oaccel_sis,19.5,0.54,100
oaccel_sis,19.5,0.55,102
oaccel_sis,20.0,0.45,102
oaccel_sis,20.0,0.46,100
oaccel_sis,20.0,0.47,100
oaccel_sis,20.0,0.48,96
oaccel_sis,20.0,0.49,92
oaccel_sis,20.0,0.5,4
oaccel_sis,20.0,0.51,94
oaccel_sis,20.0,0.52,98
oaccel_sis,20.0,0.53,100
oaccel_sis,20.0,0.54,100
oaccel_sis,20.0,0.55,102
sd,18.0,0.45,228
sd,18.0,0.46,227
sd,18.0,0.47,225
sd,18.0,0.48,224
sd,18.0,0.49,222
sd,18.0,0.5,220
sd,18.0,0.51,219
sd,18.0,0.52,219
sd,18.0,0.53,220
sd,18.0,0.54,222
sd,18.0,0.55,223
sd,18.5,0.45,228
sd,18.5,0.46,226
sd,18.5,0.47,224
sd,18.5,0.48,221
sd,18.5,0.49,218
sd,18.5,0.5,215
sd,18.5,0.51,214
sd,18.5,0.52,214
sd,18.5,0.53,217
sd,18.5,0.54,220
sd,18.5,0.55,223
sd,19.0,0.45,227
sd,19.0,0.46,224
sd,19.0,0.47,221
sd,19.0,0.48,217
sd,19.0,0.49,213
sd,19.0,0.5,208
sd,19.0,0.51,206
sd,19.0,0.52,210
sd,19.0,0.53,215
sd,19.0,0.54,220
sd,19.0,0.55,224
sd,19.5,0.45,226
sd,19.5,0.46,223
sd,19.5,0.47,219
sd,19.5,0.48,213
sd,19.5,0.49,205
sd,19.5,0.5,195
sd,19.5,0.51,197
sd,19.5,0.52,207
sd,19.5,0.53,216
sd,19.5,0.54,222
sd,19.5,0.55,226
sd,20.0,0.45,226
sd,20.0,0.46,222
sd,20.0,0.47,218
sd,20.0,0.48,209
sd,20.0,0.49,196
sd,20.0,0.5,1
sd,20.0,0.51,197
sd,20.0,0.52,212
sd,20.0,0.53,220
sd,20.0,0.54,226
sd,20.0,0.55,230
sis,18.0,0.45,280
sis,18.0,0.46,277
sis,18.0,0.47,275
sis,18.0,0.48,272
sis,18.0,0.49,270
sis,18.0,0.5,268
sis,18.0,0.51,267
sis,18.0,0.52,268
sis,18.0,0.53,270
sis,18.0,0.54,273
sis,18.0,0.55,276
sis,18.5,0.45,278
sis,18.5,0.46,276
sis,18.5,0.47,273
sis,18.5,0.48,269
sis,18.5,0.49,265
sis,18.5,0.5,262
sis,18.5,0.51,261
sis,18.5,0.52,263
sis,18.5,0.53,266
sis,18.5,0.54,271
sis,18.5,0.55,275
sis,19.0,0.45,277
sis,19.0,0.46,274
sis,19.0,0.47,270
sis,19.0,0.48,264
sis,19.0,0.49,259
sis,19.0,0.5,253
sis,19.0,0.51,252
sis,19.0,0.52,257
sis,19.0,0.53,264
sis,19.0,0.54,270
sis,19.0,0.55,275
sis,19.5,0.45,276
sis,19.5,0.46,272
sis,19.5,0.47,267
sis,19.5,0.48,260
sis,19.5,0.49,250
sis,19.5,0.5,237
sis,19.5,0.51,241
sis,19.5,0.52,254
sis,19.5,0.53,264
sis,19.5,0.54,271
sis,19.5,0.55,276
sis,20.0,0.45,276
sis,20.0,0.46,271
sis,20.0,0.47,265
sis,20.0,0.48,255
sis,20.0,0.49,239
sis,20.0,0.5,1
sis,20.0,0.51,240
sis,20.0,0.52,258
sis,20.0,0.53,267
sis,20.0,0.54,274
sis,20.0,0.55,279
