algorithm,lambda,m,n_initial_states,n_converged,mean_neval
anderson_etd,0.4,30,54,54,60.148148
anderson_etd,0.6,30,54,54,55.203704
anderson_etd,0.8,30,54,54,53.296296
anderson_etd,1.0,30,54,54,51.870370
anderson_etd,0.4,50,54,54,58.537037
anderson_etd,0.6,50,54,54,54.907407
anderson_etd,0.8,50,54,54,53.277778
anderson_etd,1.0,50,54,54,52.333333
anderson_etd,0.4,80,54,54,60.370370
anderson_etd,0.6,80,54,54,56.000000
anderson_etd,0.8,80,54,54,53.666667
anderson_etd,1.0,80,54,54,52.462963
anderson_etd,0.4,100,54,54,60.370370
anderson_etd,0.6,100,54,54,56.000000
anderson_etd,0.8,100,54,54,53.666667
anderson_etd,1.0,100,54,54,52.462963
anderson_sd,0.4,30,54,54,72.962963
anderson_sd,0.6,30,54,54,74.185185
anderson_sd,0.8,30,54,54,74.851852
anderson_sd,1.0,30,54,54,75.537037
anderson_sd,0.4,50,54,54,70.481481
anderson_sd,0.6,50,54,54,71.296296
anderson_sd,0.8,50,54,54,71.462963
anderson_sd,1.0,50,54,54,72.222222
anderson_sd,0.4,80,54,54,71.907407
anderson_sd,0.6,80,54,54,71.425926
anderson_sd,0.8,80,54,54,71.370370
anderson_sd,1.0,80,54,54,71.777778
anderson_sd,0.4,100,54,54,71.907407
anderson_sd,0.6,100,54,54,71.425926
anderson_sd,0.8,100,54,54,71.370370
anderson_sd,1.0,100,54,54,71.777778
anderson_sis,0.4,30,54,54,65.296296
anderson_sis,0.6,30,54,54,61.648148
anderson_sis,0.8,30,54,54,59.518519
anderson_sis,1.0,30,54,54,58.222222
anderson_sis,0.4,50,54,54,62.481481
anderson_sis,0.6,50,54,54,59.537037
anderson_sis,0.8,50,54,54,57.925926
anderson_sis,1.0,50,54,54,57.000000
anderson_sis,0.4,80,54,54,65.037037
anderson_sis,0.6,80,54,54,61.481481
anderson_sis,0.8,80,54,54,59.666667
anderson_sis,1.0,80,54,54,58.648148
anderson_sis,0.4,100,54,54,65.037037
anderson_sis,0.6,100,54,54,61.481481
anderson_sis,0.8,100,54,54,59.666667
anderson_sis,1.0,100,54,54,58.648148
ngmres_etd,0.4,30,54,54,102.925926
ngmres_etd,0.6,30,54,54,98.259259
ngmres_etd,0.8,30,54,54,96.962963
ngmres_etd,1.0,30,54,54,95.777778
ngmres_etd,0.4,50,54,54,98.481481
ngmres_etd,0.6,50,54,54,94.222222
ngmres_etd,0.8,50,54,54,92.407407
ngmres_etd,1.0,50,54,54,91.148148
ngmres_etd,0.4,80,54,54,98.444444
ngmres_etd,0.6,80,54,54,94.222222
ngmres_etd,0.8,80,54,54,92.407407
ngmres_etd,1.0,80,54,54,91.148148
ngmres_etd,0.4,100,54,54,98.444444
ngmres_etd,0.6,100,54,54,94.222222
ngmres_etd,0.8,100,54,54,92.407407
ngmres_etd,1.0,100,54,54,91.148148
ngmres_sd,0.4,30,54,54,142.259259
ngmres_sd,0.6,30,54,54,142.185185
ngmres_sd,0.8,30,54,54,142.370370
ngmres_sd,1.0,30,54,54,142.259259
ngmres_sd,0.4,50,54,54,135.148148
ngmres_sd,0.6,50,54,54,135.111111
ngmres_sd,0.8,50,54,54,135.185185
ngmres_sd,1.0,50,54,54,135.037037
ngmres_sd,0.4,80,54,54,133.148148
ngmres_sd,0.6,80,54,54,133.148148
ngmres_sd,0.8,80,54,54,133.111111
ngmres_sd,1.0,80,54,54,133.111111
ngmres_sd,0.4,100,54,54,133.148148
ngmres_sd,0.6,100,54,54,133.148148
ngmres_sd,0.8,100,54,54,133.111111
ngmres_sd,1.0,100,54,54,133.111111
ngmres_sis,0.4,30,54,54,101.074074
ngmres_sis,0.6,30,54,54,97.629630
ngmres_sis,0.8,30,54,54,96.296296
ngmres_sis,1.0,30,54,54,95.333333
ngmres_sis,0.4,50,54,54,96.925926
ngmres_sis,0.6,50,54,54,93.777778
ngmres_sis,0.8,50,54,54,92.185185
ngmres_sis,1.0,50,54,54,91.259259
ngmres_sis,0.4,80,54,54,96.925926
ngmres_sis,0.6,80,54,54,93.777778
ngmres_sis,0.8,80,54,54,92.185185
ngmres_sis,1.0,80,54,54,91.259259
ngmres_sis,0.4,100,54,54,96.925926
ngmres_sis,0.6,100,54,54,93.777778
ngmres_sis,0.8,100,54,54,92.185185
ngmres_sis,1.0,100,54,54,91.259259
oaccel_etd,0.4,30,54,54,135.037037
oaccel_etd,0.6,30,54,54,127.370370
oaccel_etd,0.8,30,54,54,127.185185
oaccel_etd,1.0,30,54,54,124.370370
oaccel_etd,0.4,50,54,54,108.259259
oaccel_etd,0.6,50,54,54,101.370370
oaccel_etd,0.8,50,54,54,98.962963
oaccel_etd,1.0,50,54,54,97.333333
oaccel_etd,0.4,80,54,54,106.555556
oaccel_etd,0.6,80,54,54,101.259259
oaccel_etd,0.8,80,54,54,98.962963
oaccel_etd,1.0,80,54,54,97.333333
oaccel_etd,0.4,100,54,54,106.555556
oaccel_etd,0.6,100,54,54,101.259259
oaccel_etd,0.8,100,54,54,98.962963
oaccel_etd,1.0,100,54,54,97.333333
oaccel_sd,0.4,30,54,54,375.703704
oaccel_sd,0.6,30,54,54,346.629630
oaccel_sd,0.8,30,54,54,322.851852
oaccel_sd,1.0,30,54,54,322.703704
oaccel_sd,0.4,50,54,54,163.592593
oaccel_sd,0.6,50,54,54,163.888889
oaccel_sd,0.8,50,54,54,163.370370
oaccel_sd,1.0,50,54,54,163.851852
oaccel_sd,0.4,80,54,54,145.370370
oaccel_sd,0.6,80,54,54,145.222222
oaccel_sd,0.8,80,54,54,145.185185
oaccel_sd,1.0,80,54,54,145.148148
oaccel_sd,0.4,100,54,54,145.370370
oaccel_sd,0.6,100,54,54,145.222222
oaccel_sd,0.8,100,54,54,145.185185
oaccel_sd,1.0,100,54,54,145.148148
oaccel_sis,0.4,30,54,54,131.814815
oaccel_sis,0.6,30,54,54,127.111111
oaccel_sis,0.8,30,54,54,123.592593
oaccel_sis,1.0,30,54,54,121.148148
oaccel_sis,0.4,50,54,54,106.074074
oaccel_sis,0.6,50,54,54,101.740741
oaccel_sis,0.8,50,54,54,99.370370
oaccel_sis,1.0,50,54,54,98.185185
oaccel_sis,0.4,80,54,54,105.222222
oaccel_sis,0.6,80,54,54,101.629630
oaccel_sis,0.8,80,54,54,99.333333
oaccel_sis,1.0,80,54,54,98.185185
oaccel_sis,0.4,100,54,54,105.222222
oaccel_sis,0.6,100,54,54,101.629630
oaccel_sis,0.8,100,54,54,99.333333
oaccel_sis,1.0,100,54,54,98.185185
