update,stored_neval,residual,free_energy
1,4,0.0048503066946820605,2.835135435552445
2,6,0.0022946055220114813,2.8334976599785193
3,8,0.00173043590308011,2.833777536405515
4,10,0.0019584906642063373,2.8343158409805467
5,12,0.0005076628085251222,2.8339181606835515
6,14,0.0001254579524619087,2.833894897835817
7,16,4.722279132294657e-5,2.8338949336501233
8,18,2.113424785583391e-5,2.8338912092902735
9,20,7.805207744197788e-6,2.833892162639101
10,22,5.379891304058175e-6,2.833892513952878
11,24,2.006266276019703e-6,2.8338923896836343
12,26,1.101926561178779e-6,2.833892434789301
13,28,6.080535217636267e-7,2.8338923823672904
14,30,7.316186444572231e-7,2.8338923644776717
15,32,3.323941264936236e-7,2.8338923630918913
16,34,1.7570109175986736e-7,2.833892377259124
17,36,2.2399766626719924e-7,2.8338923772712157
18,38,8.81434580759284e-8,2.8338923765306605
19,40,4.095071854258484e-8,2.8338923772138003
20,42,4.815891626284969e-8,2.833892377355233
21,44,2.1187616106157743e-8,2.8338923775271336
22,46,1.2113931167495842e-8,2.8338923772938704
23,48,1.4572717177737431e-8,2.8338923776446308
24,50,5.985463165264425e-9,2.8338923778160234
25,52,3.314460756597373e-9,2.8338923775093097
26,54,3.373334906455434e-9,2.8338923773314777
27,56,1.5582522205573181e-9,2.8338923772869684
28,58,1.021067452341444e-9,2.8338923774054985
29,60,8.926592240802781e-10,2.8338923774276017
30,62,4.394118728490866e-10,2.833892377424572
31,64,5.298140729933112e-10,2.8338923774200158
32,66,2.4250713901535636e-10,2.83389237741786
33,68,4.950696963470008e-10,2.833892377375178
34,70,1.0798890202352287e-9,2.8338923771778743
35,72,6.652613292217732e-11,2.8338923774216758
