update,stored_neval,residual,free_energy,actual_neval
1,1,0.0017171774663801145,2.833998806832044,4
2,3,0.0014205536402107526,2.833963345546514,6
3,5,0.0010324361449914235,2.8340594264243117,8
4,7,0.0009575885200015133,2.834115731889365,10
5,9,0.00025208285435920197,2.833913978314193,12
6,11,8.58831885482455e-5,2.8339011361566016,14
7,13,3.2642786766730667e-5,2.833895824008322,16
8,15,1.4781028125265688e-5,2.8338923736617865,18
9,17,6.771174532726684e-6,2.8338925226415927,20
10,19,3.5429185460500797e-6,2.8338924157078296,22
11,21,2.7759104036580977e-6,2.833892378376035,24
12,23,1.5062718998118693e-6,2.8338923487077317,26
13,25,8.369241075657246e-7,2.8338923785189536,28
14,27,6.653522942449774e-7,2.833892385725523,30
15,29,3.7790474278078085e-7,2.8338923667276745,32
16,31,2.492781489686896e-7,2.833892374930209,34
17,33,1.9865902156268076e-7,2.833892377650362,36
18,35,1.3128186002875938e-7,2.83389238004437,38
19,37,8.744063967111376e-8,2.8338923798640856,40
20,39,4.7198173587501234e-8,2.8338923781496836,42
21,41,3.177494802412762e-8,2.833892377749587,44
22,43,2.2818853842647385e-8,2.8338923775430747,46
23,45,1.363776509228148e-8,2.8338923768427735,48
24,47,8.716016621215411e-9,2.833892377121166,50
25,49,6.789250568517423e-9,2.8338923772962588,52
26,51,3.9769043336827705e-9,2.8338923775667135,54
27,53,3.1570007491172643e-9,2.8338923775531812,56
28,55,2.313361319384236e-9,2.8338923774756806,58
29,57,1.8432004275514044e-9,2.8338923774319484,60
30,59,1.4049432962595105e-9,2.8338923774085183,62
31,61,7.646841055760959e-10,2.833892377401848,64
32,63,5.637501193594729e-10,2.8338923774068414,66
33,65,4.1796015670957733e-10,2.833892377411681,68
34,67,3.2680490770339414e-10,2.8338923774158626,70
35,69,1.9023994914577515e-10,2.833892377422684,72
36,71,1.232097161270049e-10,2.8338923774233855,74
37,73,8.271287296458407e-11,2.8338923774217024,76
