updater,converged,free_energy,fevals,residuals,algorithm_base
Anderson_ETD,True,2.8338923774185147,39,"[0.007351612945890818, 0.005149788490490586, 0.0014993454553867778, 0.0012656569724046498, 0.0011884184367780583, 0.0008728185873411845, 0.000699356221916366, 0.00025348630078934355, 0.00012317388311984564, 4.2710206757274797e-5, 1.8261580721934824e-5, 8.79158449647908e-6, 4.9621648611401924e-6, 2.802207531785328e-6, 1.707396546219148e-6, 2.0238530221477063e-6, 1.6654301594441491e-6, 1.1455722180807639e-6, 3.2901878277284694e-7, 3.2453895357842893e-7, 1.659343454989692e-7, 1.97459719718166e-7, 1.0562687378699904e-7, 3.995182682999319e-8, 2.9143572393374735e-8, 2.4506157703417216e-8, 1.3233638365707734e-8, 4.150727998409495e-9, 4.6634144168529016e-9, 3.0388063128667657e-9, 9.105771348963432e-9, 2.2097854562082063e-9, 1.4782130502688003e-9, 1.2326753916506106e-9, 7.601443299637283e-10, 4.960919247039896e-10, 2.927259324483062e-10, 3.590021895494485e-11]",Anderson_ETD
Anderson_SD,True,2.8338923774066087,41,"[0.00786113184699708, 0.0018826207593858676, 0.0015004805766916385, 0.0010986706361713612, 0.0010323794827203667, 0.0008012210924569349, 0.0002824894642499259, 6.674251339511363e-5, 3.884030227234989e-5, 1.6026584967921987e-5, 7.278381852019148e-6, 3.878148325388303e-6, 4.596167246646939e-6, 1.8992807589326134e-6, 1.1387374184669566e-6, 1.482414131813947e-6, 5.189657536471078e-7, 2.7715658758985176e-7, 3.3777144035841725e-7, 1.492624146575569e-7, 1.1018832052851925e-7, 7.80222801413156e-8, 3.757548820797162e-8, 2.984323510722498e-8, 1.7683964658834194e-8, 1.2478039870587054e-8, 6.193439418912157e-9, 5.827603612114875e-9, 4.981200448739964e-9, 4.109421342400245e-9, 1.8207868945009313e-9, 1.6485449784957156e-9, 1.0958282597138245e-9, 6.620936548711557e-10, 4.696793054168159e-10, 3.9111150730894754e-10, 2.6720885803447937e-10, 1.8530377960235635e-10, 1.3604648647084192e-10, 9.549473156859977e-11]",Anderson_SD
Anderson_SIS,True,2.833892377412841,46,"[0.00848247984771617, 0.005207915894692418, 0.0015666935957337072, 0.001302393300159742, 0.0012934134048726159, 0.0010625148431602275, 0.0008098439137247321, 0.0006620962562493465, 0.000235480183599366, 0.00012494752450609452, 0.00012470107488082508, 2.9174717149371357e-5, 1.9958104868560983e-5, 6.49954116428083e-6, 7.642335926335042e-6, 2.8917019576420726e-6, 4.454771822525981e-6, 7.595444428985301e-7, 1.8891368562441453e-6, 3.5474422205162123e-7, 3.814484885121591e-7, 1.5070175543723211e-7, 3.712163322732827e-7, 1.57870671233491e-7, 1.1481871689843402e-7, 2.375425668095947e-8, 4.5016439533333013e-8, 3.744403048454344e-8, 3.150895238550685e-8, 3.504204715488409e-8, 2.0076947246857507e-8, 1.521928525075823e-8, 1.3061336259040041e-8, 1.0133780148186281e-8, 4.571666969694502e-9, 2.1802212306408582e-9, 3.844318816753761e-9, 1.796766035780878e-9, 8.846633502249534e-10, 2.2061586726825035e-9, 1.0928901930343096e-9, 2.651093817035566e-10, 3.913887293162078e-10, 6.085262731323625e-10, 9.727149409587283e-11]",Anderson_SIS
ETD,True,2.833892377427106,342,"[0.011502573109461693, 0.007252820964118906, 0.005751801330064832, 0.004652137626777163, 0.003784763590055194, 0.003102519321221486, 0.0025727933878102243, 0.002167008778442713, 0.0018582283569833062, 0.0016220731487218275, 0.00143853021449243, 0.001292707702940158, 0.001174233907131471, 0.0010760514222185025, 0.000993291574948096, 0.0009224776709864731, 0.0008610335488570153, 0.0008069984477952611, 0.0007588607216283069, 0.000715453429008521, 0.000675880763232645, 0.0006394608251857903, 0.0006056788116163967, 0.0005741483076849675, 0.0005445795963475331, 0.0005167542121715592, 0.0004905050108547871, 0.00046570100753600893, 0.0004422362175049455, 0.0004200217365254845, 0.00039898033685137606, 0.00037904292982732305, 0.00036014634691179014, 0.0003422320034490729, 0.00032524511919985923, 0.0003091342662969013, 0.000293851093528297, 0.00027935013464618633, 0.00026558864944213443, 0.0002525264729496344, 0.00024012586387497803, 0.00022835135162809248, 0.00021716958478651372, 0.00020654918454939147, 0.00019646060614852794, 0.00018687601005474652, 0.00017776914376242632, 0.00016911523403563523, 0.00016089088899131382, 0.0001530740090370333, 0.0001456437056215579, 0.00013858022678534424, 0.00013186488860089142, 0.0001254800117492229, 0.00011940886260536883, 0.00011363559833708552, 0.00010814521562344583, 0.00010292350266966482, 9.7956994253552e-5, 9.323292958338621e-5, 8.873921277305398e-5, 8.44643757418109e-5, 8.039754339972067e-5, 7.652840095163453e-5, 7.28471631782026e-5, 6.93445455730752e-5, 6.601173720024943e-5, 6.284037516296573e-5, 5.982252057703089e-5, 5.6950635947273766e-5, 5.421756385060446e-5, 5.1616506851130546e-5, 4.9141008557278905e-5, 4.678493575155039e-5, 4.454246153290602e-5, 4.240804939072046e-5, 4.037643817148628e-5, 3.844262787411897e-5, 3.66018662212757e-5, 3.48496359667835e-5, 3.318164289171285e-5, 3.1593804445976054e-5, 3.0082239002987304e-5, 2.8643255686376866e-5, 2.7273344739948646e-5, 2.596916840452073e-5, 2.4727552279963565e-5, 2.3545477135450235e-5, 2.2420071152370256e-5, 2.134860256947503e-5, 2.0328472707766748e-5, 1.9357209358664378e-5, 1.8432460511509743e-5, 1.7551988401729314e-5, 1.671366386690687e-5, 1.5915460986262105e-5, 1.515545199713323e-5, 1.443180246439315e-5, 1.3742766699713637e-5, 1.3086683407285508e-5, 1.2461971550001455e-5, 1.1867126424802632e-5, 1.1300715929885112e-5, 1.0761377026356967e-5, 1.0247812367556581e-5, 9.75878710088923e-6, 9.293125828388067e-6, 8.849709715766206e-6, 8.42747374755383e-6, 8.025404113870346e-6, 7.642535730066404e-6, 7.277949875961197e-6, 6.930771950237469e-6, 6.600169339694373e-6, 6.285349387195653e-6, 5.985557463642241e-6, 5.7000751297189876e-6, 5.428218393736958e-6, 5.1693360482952106e-6, 4.922808090490386e-6, 4.688044220102967e-6, 4.464482408164724e-6, 4.251587539417001e-6, 4.048850114623252e-6, 3.8557850216841555e-6, 3.6719303619983053e-6, 3.4968463362931578e-6, 3.3301141831623804e-6, 3.1713351705832367e-6, 3.020129631033417e-6, 2.8761360516618706e-6, 2.739010199850109e-6, 2.608424297986856e-6, 2.4840662320153008e-6, 2.365638804091342e-6, 2.2528590134085858e-6, 2.145457380486147e-6, 2.0431772987381805e-6, 1.945774416956752e-6, 1.85301605357656e-6, 1.7646806393775073e-6, 1.6805571834365797e-6, 1.6004447698724213e-6, 1.5241520729875616e-6, 1.4514969015179268e-6, 1.3823057618382451e-6, 1.3164134378651134e-6, 1.2536626012116864e-6, 1.19390343209493e-6, 1.1369932579666409e-6, 1.0827962163462142e-6, 1.0311829253794646e-6, 9.820301781904772e-7, 9.352206450591422e-7, 8.906425942241797e-7, 8.481896233961354e-7, 8.077604060071359e-7, 7.692584502892595e-7, 7.32591865254338e-7, 6.976731436765806e-7, 6.644189518827131e-7, 6.32749930819437e-7, 6.025905065047173e-7, 5.738687073890057e-7, 5.465159972304077e-7, 5.204671051418134e-7, 4.956598749941282e-7, 4.7203511339870994e-7, 4.495364496340543e-7, 4.281102007426849e-7, 4.077052445899199e-7, 3.8827289479027013e-7, 3.6976678878739394e-7, 3.5214277194754095e-7, 3.3535879623802656e-7, 3.193748179182857e-7, 3.04152703217986e-7, 2.8965613473840724e-7, 2.7585052902121377e-7, 2.627029485029576e-7, 2.5018202760105667e-7, 2.3825789593183278e-7, 2.2690210657548362e-7, 2.1608756873255326e-7, 2.0578848423364668e-7, 1.959802826598662e-7, 1.866395667437379e-7, 1.7774405382548026e-7, 1.692725227153399e-7, 1.612047654540803e-7, 1.535215356125912e-7, 1.462045058459411e-7, 1.392362208352057e-7, 1.3260005822498975e-7, 1.2628018841826025e-7, 1.202615353024209e-7, 1.1452974231168051e-7, 1.0907113576074726e-7, 1.0387269596748807e-7, 9.892202204725956e-8, 9.42073054268585e-8, 8.971729875789332e-8, 8.544129265665045e-8, 8.136908620846149e-8, 7.74909677074057e-8, 7.379768431784696e-8, 7.028042771333497e-8, 6.693080772793504e-8, 6.374083498266004e-8, 6.070289951209996e-8, 5.7809755105353175e-8, 5.50545015551479e-8, 5.243056593127217e-8, 4.99316898579791e-8, 4.755191238684503e-8, 4.528555776017706e-8, 4.312721947746616e-8, 4.1071749300886526e-8, 3.911424492045231e-8, 3.725003639837237e-8, 3.547467775268204e-8, 3.378393408369925e-8, 3.217377284206356e-8, 3.064035295341631e-8, 2.918001721717561e-8, 2.7789281147261348e-8, 2.6464829636296723e-8, 2.520350188162955e-8, 2.400228986975674e-8, 2.285832832024509e-8, 2.1768889018012638e-8, 2.0731373167635177e-8, 1.974330547707982e-8, 1.880233004978078e-8, 1.790620190493807e-8, 1.7052784196211997e-8, 1.624004004687431e-8, 1.5466032098306093e-8, 1.4728914096438653e-8, 1.4026927082412748e-8, 1.3358397747944082e-8, 1.2721730513543622e-8, 1.2115407026159643e-8, 1.1537981208896137e-8, 1.0988075928373336e-8, 1.046437948085021e-8, 9.965642404223703e-9, 9.49067597999044e-9, 9.038346348793355e-9, 8.607574614944239e-9, 8.1973341770032e-9, 7.80664585993191e-9, 7.43457788081848e-9, 7.080242739547066e-9, 6.7427955158329555e-9, 6.4214309118611696e-9, 6.115383095917227e-9, 5.823921479772085e-9, 5.546350786384903e-9, 5.2820094381762715e-9, 5.030266665210418e-9, 4.790522314539241e-9, 4.562203792643639e-9, 4.344767689898202e-9, 4.137694183418087e-9, 3.94049031679126e-9, 3.752684948026068e-9, 3.5738300228489196e-9, 3.4035000926041625e-9, 3.241288187979441e-9, 3.086807059649457e-9, 2.939688668395108e-9, 2.799581503745968e-9, 2.6661527557355504e-9, 2.5390830261928135e-9, 2.4180692664663816e-9, 2.302822909364581e-9, 2.193069558789867e-9, 2.0885471404716665e-9, 1.9890062514285876e-9, 1.8942091444355564e-9, 1.8039309097308587e-9, 1.7179544451277656e-9, 1.6360757649029836e-9, 1.558099820793532e-9, 1.483840306234458e-9, 1.4131201105360983e-9, 1.3457701301508103e-9, 1.2816301048295263e-9, 1.2205471629857699e-9, 1.1623754621304034e-9, 1.1069762199657545e-9, 1.0542172765526212e-9, 1.003973005196747e-9, 9.561228008512006e-10, 9.105538776239698e-10, 8.67156610580099e-10, 8.25827718273028e-10, 7.864683440389176e-10, 7.489851177175789e-10, 7.132879949652488e-10, 6.792924382030277e-10, 6.469173549802221e-10, 6.160848444178425e-10, 5.867216415996713e-10, 5.587585473153386e-10, 5.321277176144814e-10, 5.067663617290668e-10, 4.826141740269508e-10, 4.596120281758533e-10, 4.377070322259714e-10, 4.168456394232735e-10, 3.9697840588334544e-10, 3.780585257224129e-10, 3.600402717381169e-10, 3.428806017134717e-10, 3.2653864576278197e-10, 3.109756593158566e-10, 2.9615438443905827e-10, 2.820395486465717e-10, 2.685971419423093e-10, 2.557961256440094e-10, 2.436046076220282e-10, 2.319943070016364e-10, 2.2093736334801336e-10, 2.104073564373386e-10, 2.003791107511614e-10, 1.9082916646458092e-10, 1.8173432529783652e-10, 1.7307245067374234e-10, 1.648238931406543e-10, 1.5696825922978024e-10, 1.4948706958080223e-10, 1.4236274892802284e-10, 1.3557750292484475e-10, 1.2911564378735242e-10, 1.2296211366092791e-10, 1.171014626216961e-10, 1.115204961195141e-10, 1.0620527636311805e-10, 1.0114354748483771e-10, 9.63232362593367e-11]",ETD
NGMRES_ETD,True,2.833892377421299,65,"[0.003112236714059041, 0.0019916694359255935, 0.0015643435545467333, 0.0012950137109779807, 0.0007032441713698639, 0.0002640093352442761, 8.629425338809676e-5, 3.571505485530206e-5, 1.1348789783921509e-5, 6.060964731216853e-6, 2.9794236475580555e-6, 1.387835096280488e-6, 7.03507764961802e-7, 4.1527019031957763e-7, 2.638797720866138e-7, 1.8302413112731928e-7, 1.1516727494535053e-7, 5.946491407784281e-8, 4.028041011638235e-8, 2.5801142236869388e-8, 1.3225756081899762e-8, 1.0241054367211179e-8, 6.671932580627536e-9, 3.988707503245664e-9, 2.880342388030095e-9, 1.795117732045485e-9, 9.993415350269995e-10, 6.63349157208768e-10, 4.5508630578899564e-10, 2.4106920858683184e-10, 1.642897323703839e-10, 1.0980157792469136e-10, 7.747623126498511e-11]",NGMRES_ETD
NGMRES_SD,True,2.8338923774214244,73,"[0.0017171774663802541, 0.0014205536402102552, 0.0010324361449906795, 0.0009575885200016751, 0.0002520828543582555, 8.588318854767258e-5, 3.264278676302981e-5, 1.4781027760362785e-5, 6.771138061865498e-6, 3.536184187676158e-6, 2.7308638498716986e-6, 1.5062089032943243e-6, 8.530090662040141e-7, 6.662354563202412e-7, 3.776109081356504e-7, 2.3455903566888434e-7, 1.973045409221971e-7, 1.1584576514499456e-7, 8.602507847231113e-8, 4.7161313314186495e-8, 3.220285837467986e-8, 2.2826821045994752e-8, 1.3648665531479493e-8, 8.895839950587394e-9, 6.793540861164592e-9, 3.886825678762997e-9, 3.304175222596532e-9, 2.4668406529377203e-9, 1.9094095867624845e-9, 1.2456094738592365e-9, 7.648819773863985e-10, 4.786893144271435e-10, 3.975532925088617e-10, 3.09568815379479e-10, 1.8107997544517868e-10, 1.1022901344501714e-10, 8.027648812933547e-11]",NGMRES_SD
NGMRES_SIS,True,2.8338923774234117,67,"[0.0034385856563883556, 0.00206623847288538, 0.0016106028272269348, 0.0012924670281857916, 0.0006934141875443941, 0.0002556545467709236, 8.499034631528785e-5, 3.429876886395525e-5, 1.1590161579197949e-5, 6.325621047185065e-6, 3.0521289633550657e-6, 1.4143395700221858e-6, 7.734938996320921e-7, 6.061214570539435e-7, 3.817357934587596e-7, 1.9784923721033297e-7, 1.3620693750415304e-7, 1.0537057537655706e-7, 5.178173449916012e-8, 3.273948610739732e-8, 2.374542812356218e-8, 1.3423909273088647e-8, 1.055553303207937e-8, 6.765936261999131e-9, 4.045017620328935e-9, 3.1344275932347114e-9, 1.823734700235024e-9, 1.043974033258e-9, 8.107035146019044e-10, 4.871955460139208e-10, 3.2782231741182177e-10, 1.879422732368737e-10, 1.2942850838185625e-10, 9.570758492637854e-11]",NGMRES_SIS
OACCEL_ETD,True,2.833892377420165,70,"[0.003952886780957941, 0.002493164010128085, 0.0015377949017219442, 0.0017745726842214853, 0.0005749074426583748, 0.00022269852246062296, 8.67700481585121e-5, 3.38116546015276e-5, 1.2017500825256187e-5, 7.1480680617413185e-6, 2.755322895264107e-6, 1.3473682246766956e-6, 6.801996787214834e-7, 7.661679488392734e-7, 3.780047600855263e-7, 1.7731389903448928e-7, 1.53546745163741e-7, 1.1934166376202608e-7, 4.313395034059557e-8, 4.292484152322739e-8, 2.5610804106932897e-8, 1.3620187884225817e-8, 1.4908943230576122e-8, 6.630080045417995e-9, 3.5359215189945658e-9, 3.6406549337025593e-9, 1.7376459038825848e-9, 1.0188548841980895e-9, 1.0369924197766474e-9, 4.952862399480471e-10, 3.95553565231261e-10, 2.199640551446926e-10, 1.1149213407712383e-9, 9.994577815663281e-11]",OACCEL_ETD
OACCEL_SD,True,2.8338923774198737,78,"[0.001867383686370677, 0.0023377734262193303, 0.0016055758215521073, 0.0021576562259918042, 0.00025134590461853187, 7.902403737353093e-5, 3.288551922227352e-5, 1.5799195062655707e-5, 7.539414676934219e-6, 4.10769947660432e-6, 4.267476205122656e-6, 1.6788051846873055e-6, 1.0622836665228385e-6, 1.0337765494954617e-6, 4.570321968403669e-7, 2.9008026725866923e-7, 3.1500744659311255e-7, 1.4128265806254048e-7, 1.1332213588213608e-7, 5.467004568537924e-8, 4.634262836526143e-8, 2.975957969032974e-8, 1.645023266046378e-8, 1.167086190320466e-8, 9.329704076502505e-9, 5.4879748723186104e-9, 5.5486761718358765e-9, 4.165692268794787e-9, 2.589625536143906e-9, 2.0701271899186665e-9, 8.406608505197483e-10, 9.45021040301867e-10, 5.948072064728779e-10, 6.122758434694612e-10, 2.759346040968033e-10, 1.331718307328089e-9, 1.7489341954993523e-10, 9.536220645728091e-11]",OACCEL_SD
OACCEL_SIS,True,2.833892377419424,72,"[0.005559210970144629, 0.0019828714755452427, 0.0015550139479457124, 0.001623367278355802, 0.00039604155179006153, 0.0001044698643707168, 4.092201987103439e-5, 1.8429868156235746e-5, 7.223104136146731e-6, 4.950366751035289e-6, 1.7828274416157815e-6, 1.0219733536229594e-6, 6.328604649746773e-7, 7.720562857799751e-7, 2.881653960199603e-7, 2.235024407593519e-7, 1.795066116566728e-7, 7.701973462369439e-8, 4.652525854552799e-8, 4.6002556969289616e-8, 1.99121886056639e-8, 1.9114520709558886e-8, 1.1135462858811819e-8, 6.124921614824375e-9, 5.130016415787402e-9, 2.840061815082172e-9, 1.5906217734630579e-9, 1.3769886498343325e-9, 9.468632229862693e-10, 5.476038226873697e-10, 4.781485019255015e-10, 4.4667495653194616e-10, 3.643552162468192e-10, 7.734737386961499e-10, 8.713692699419898e-11]",OACCEL_SIS
SD,True,2.833892377429532,369,"[0.011502573109461336, 0.005777670009998971, 0.0037004736336822687, 0.002625309767726738, 0.0020520185996865388, 0.001746599541320991, 0.0015719032488117663, 0.001457459920947829, 0.0013714538863454386, 0.001300122818128969, 0.001237252978889184, 0.001179751167001115, 0.0011259196319103018, 0.001074780214425963, 0.001025778842988777, 0.0009786273453069182, 0.0009332016192243684, 0.0008894706593383568, 0.0008474475180030151, 0.0008071573632005624, 0.0007686186366618398, 0.0007318336930186145, 0.0006967858107759088, 0.000663440098334387, 0.0006317464633262265, 0.0006016433893970467, 0.0005730617319045828, 0.0005459280943152052, 0.0005201675902348424, 0.0004957059511624454, 0.00047247102864179556, 0.0004503937819362899, 0.000429408855220525, 0.00040945484421312845, 0.0003904743396264494, 0.0003724138192817728, 0.0003552234451944054, 0.0003388568080105993, 0.00032327064937400125, 0.0003084245833009288, 0.0002942808301961352, 0.000280803971525906, 0.0002679607290756929, 0.00025571976983450014, 0.00024405153566345019, 0.000232928095736259, 0.00022232301914481374, 0.00021221126485881437, 0.00020256908625872606, 0.00019337394770255507, 0.00018460445089069901, 0.0001762402691234138, 0.00016826208789886497, 0.00016065155060843904, 0.00015339120836685004, 0.00014646447323929108, 0.00013985557432642735, 0.00013354951631161613, 0.00012753204018384982, 0.00012178958593812164, 0.00011630925711268241, 0.00011107878705372376, 0.0001060865068306723, 0.00010132131474247698, 9.677264734782426e-5, 9.243045197453279e-5, 8.828516064613172e-5, 8.43276653783258e-5, 8.054929477898677e-5, 7.694179190206887e-5, 7.349729329322199e-5, 7.02083091608687e-5, 6.706770462939444e-5, 6.406868199725107e-5, 6.120476395996664e-5, 5.8469777731451464e-5, 5.585784002048349e-5, 5.336334280428822e-5, 5.098093986276944e-5, 4.8705534015491456e-5, 4.653226503551279e-5, 4.4456498183919244e-5, 4.247381334693724e-5, 4.057999472379383e-5, 3.877102104745979e-5, 3.704305630015749e-5, 3.539244089841537e-5, 3.381568332124133e-5, 3.230945216050646e-5, 3.087056856063373e-5, 2.9495999041094343e-5, 2.8182848668699707e-5, 2.692835456392327e-5, 2.572987973187104e-5, 2.4584907185364102e-5, 2.3491034362869113e-5, 2.2445967808058066e-5, 2.1447518114667773e-5, 2.0493595108032042e-5, 1.9582203260065148e-5, 1.87114373248617e-5, 1.787947817954729e-5, 1.7084588866362076e-5, 1.6325110819554776e-5, 1.5599460271210808e-5, 1.490612482711556e-5, 1.4243660205211266e-5, 1.3610687123434182e-5, 1.300588833741564e-5, 1.2428005812788338e-5, 1.1875838032970486e-5, 1.1348237429388718e-5, 1.084410793291319e-5, 1.0362402636633097e-5, 9.902121569935651e-6, 9.462309572160124e-6, 9.042054266314213e-6, 8.640484124700795e-6, 8.256766627533743e-6, 7.890106495904559e-6, 7.53974402086158e-6, 7.204953454063573e-6, 6.885041482844926e-6, 6.579345767268744e-6, 6.287233549393972e-6, 6.008100324389773e-6, 5.741368568821892e-6, 5.486486531477423e-6, 5.242927076012853e-6, 5.010186577093935e-6, 4.7877838661078144e-6, 4.575259227354938e-6, 4.3721734328755056e-6, 4.178106829146242e-6, 3.992658458233532e-6, 3.815445223858035e-6, 3.6461010918408635e-6, 3.48427632535396e-6, 3.3296367607103483e-6, 3.181863107906675e-6, 3.040650288450227e-6, 2.9057068000620635e-6, 2.7767541103028287e-6, 2.6535260803381633e-6, 2.5357684076584684e-6, 2.4232381035564233e-6, 2.3157029831856603e-6, 2.2129411878223606e-6, 2.1147407237057096e-6, 2.0208990213708905e-6, 1.93122251706305e-6, 1.8455262510994315e-6, 1.763633484262871e-6, 1.6853753324170454e-6, 1.6105904169212803e-6, 1.539124529778146e-6, 1.4708303148281213e-6, 1.405566963307393e-6, 1.3431999219126197e-6, 1.2836006142197646e-6, 1.226646176672302e-6, 1.1722192013612802e-6, 1.1202074972673031e-6, 1.0705038547673508e-6, 1.023005825064268e-6, 9.776155110228305e-7, 9.34239361122675e-7, 8.927879788779003e-7, 8.531759370866535e-7, 8.153216017950628e-7, 7.791469629909142e-7, 7.445774752703165e-7, 7.115419020677151e-7, 6.799721688044094e-7, 6.498032250329367e-7, 6.209729056624304e-7, 5.934218063251548e-7, 5.670931603924352e-7, 5.419327190819081e-7, 5.178886435468549e-7, 4.949113940673812e-7, 4.729536318952659e-7, 4.5197011779175356e-7, 4.3191762087258525e-7, 4.127548283859434e-7, 3.9444226223448813e-7, 3.7694219599503306e-7, 3.6021857669401264e-7, 3.442369527215531e-7, 3.289644003376002e-7, 3.143694574001596e-7, 3.0042205804365834e-7, 2.870934706256522e-7, 2.7435623705637823e-7, 2.6218412037403577e-7, 2.5055204670402905e-7, 2.394360535180274e-7, 2.2881324329433384e-7, 2.1866173378240366e-7, 2.089606146923929e-7, 1.996899016542582e-7, 1.908304987034987e-7, 1.8236415706366092e-7, 1.7427343757887583e-7, 1.6654167377743864e-7, 1.5915294019135836e-7, 1.520920166698213e-7, 1.4534435983240367e-7, 1.3889607067121299e-7, 1.327338670187595e-7, 1.268450560038387e-7, 1.212175079616523e-7, 1.1583963177380734e-7, 1.1070034992116744e-7, 1.0578907722762279e-7, 1.0109569689671621e-7, 9.661054251684473e-8, 9.232437532886009e-8, 8.822836720678517e-8, 8.431408161084922e-8, 8.057345587959684e-8, 7.699878527121087e-8, 7.358270751146539e-8, 7.031818638127902e-8, 6.719849752554796e-8, 6.42172155725467e-8, 6.136819952129038e-8, 5.864558196922565e-8, 5.604375454618293e-8, 5.355735841698742e-8, 5.118127307663479e-8, 4.891060321865296e-8, 4.674067327585785e-8, 4.466701298389467e-8, 4.268535144778974e-8, 4.0791607143921296e-8, 3.8981880293854595e-8, 3.725244197144007e-8, 3.559973120544157e-8, 3.402034355967521e-8, 3.251102619871021e-8, 3.106866986904489e-8, 2.969030430660847e-8, 2.8373090429579457e-8, 2.7114315626324823e-8, 2.5911386284312187e-8, 2.4761825738036166e-8, 2.3663265514028462e-8, 2.2613443408319423e-8, 2.161019711931848e-8, 2.0651459624644177e-8, 1.973525763852798e-8, 1.8859702826440986e-8, 1.802299241599465e-8, 1.7223402574789842e-8, 1.6459286652793093e-8, 1.572907139132665e-8, 1.5031251979343376e-8, 1.4364391747932319e-8, 1.372711706681096e-8, 1.3118114757038513e-8, 1.2536131393697704e-8, 1.1979967783549593e-8, 1.144847832440064e-8, 1.094056896319331e-8, 1.0455192663834258e-8, 9.991350428985814e-9, 9.548086398915608e-9, 9.124487869508574e-9, 8.719682541196919e-9, 8.33283635212037e-9, 7.96315250785277e-9, 7.609870377801204e-9, 7.272261174885103e-9, 6.949630223089092e-9, 6.6413124824128325e-9, 6.346673882033373e-9, 6.065106491067397e-9, 5.796031100276771e-9, 5.53889324253961e-9, 5.2931632183865935e-9, 5.058335176607292e-9, 4.8339248657114145e-9, 4.619470753332347e-9, 4.414531122506326e-9, 4.218683364155087e-9, 4.031524811559441e-9, 3.852669350013764e-9, 3.6817482249274247e-9, 3.518410679053588e-9, 3.362319371607501e-9, 3.2131531602984205e-9, 3.070604552069034e-9, 2.9343801619345995e-9, 2.804199397251818e-9, 2.6797941788081716e-9, 2.560907580710014e-9, 2.4472959683775647e-9, 2.338724201461595e-9, 2.234969835123734e-9, 2.135818038046951e-9, 2.0410653904541062e-9, 1.950516407756075e-9, 1.863984190185381e-9, 1.7812911976943878e-9, 1.702267060074354e-9, 1.6267484756303351e-9, 1.5545803397203357e-9, 1.4856137747489231e-9, 1.4197072374703419e-9, 1.356724334189033e-9, 1.2965358943592913e-9, 1.2390174633975397e-9, 1.1840507678327334e-9, 1.1315225439371832e-9, 1.0813247926129016e-9, 1.0333542242027843e-9, 9.875116314614938e-10, 9.437026158237492e-10, 9.018374171358612e-10, 8.618295142946617e-10, 8.235965697628996e-10, 7.87059652634117e-10, 7.521438966441397e-10, 7.187768325579167e-10, 6.868901055207628e-10, 6.564181995103148e-10, 6.272983656226219e-10, 5.994696876680241e-10, 5.728763343188221e-10, 5.474622504851157e-10, 5.231757847539424e-10, 4.999669343662784e-10, 4.777877026067176e-10, 4.56591941724388e-10, 4.363368204284732e-10, 4.1698025217126444e-10, 3.984825079328108e-10, 3.808052543269682e-10, 3.6391238332841503e-10, 3.4776871362877907e-10, 3.3234135665156034e-10, 3.1759872605318396e-10, 3.0350966177727867e-10, 2.9004580256039604e-10, 2.7717900245648877e-10, 2.648837063554409e-10, 2.531327404208759e-10, 2.4190379808396953e-10, 2.3117344694569698e-10, 2.2091796299404646e-10, 2.1111858110427304e-10, 2.0175308283576443e-10, 1.9280337841196815e-10, 1.8425084161423658e-10, 1.7607747478157742e-10, 1.682669131934193e-10, 1.608027784949815e-10, 1.536696288847684e-10, 1.4685309474634475e-10, 1.4033855614832933e-10, 1.3411380212590736e-10, 1.2816412886527327e-10, 1.2247917716272626e-10, 1.1704621561709516e-10, 1.1185436286837479e-10, 1.0689256104088594e-10, 1.0215128839115176e-10, 9.762006602311548e-11]",SD
SIS,True,2.8338923774277447,596,"[0.011502573109461693, 0.008484061982581158, 0.006830035446470543, 0.005750922353911162, 0.0049397821284869236, 0.0042829101247125545, 0.003734541176978674, 0.003272332809864967, 0.0028824448244458814, 0.002554537127171105, 0.002280007210855451, 0.0020512970691066515, 0.0018615853833711313, 0.0017046545810195397, 0.0015748601810748745, 0.0014671587145857266, 0.001377152731340091, 0.0013011178041169797, 0.0012359923203768854, 0.001179328911905917, 0.0011292185472610503, 0.0010842021254322612, 0.0010431822361518365, 0.0010053432412516924, 0.0009700835327312663, 0.0009369607705426249, 0.0009056491493968945, 0.0008759069561557556, 0.0008475524858855796, 0.0008204465031718545, 0.0007944796873949247, 0.0007695637868317528, 0.0007456254773617227, 0.0007226021565901492, 0.0007004390977262448, 0.0006790875412598704, 0.0006585034212062121, 0.000638646512193422, 0.0006194798497753686, 0.0006009693240853468, 0.0005830833808478633, 0.0005657927872821363, 0.0005490704364619394, 0.0005328911743663838, 0.0005172316407831608, 0.0005020701195836115, 0.00048738639650437645, 0.0004731616240532222, 0.00045937819387607766, 0.0004460196172114632, 0.0004330704140337459, 0.00042051601135720317, 0.00040834265092131274, 0.00039653730626625246, 0.0003850876089743487, 0.0003739817836580781, 0.00036320859113917224, 0.000352757279153459, 0.000342617539857457, 0.0003327794733806646, 0.0003232335566771451, 0.000313970616951949, 0.0003049818089927357, 0.000296258595780783, 0.0002877927318320803, 0.00027957624877877814, 0.0002716014427717932, 0.00026386086334298715, 0.00025634730343338826, 0.0002490537903415492, 0.00024197357739152149, 0.00023510013617051326, 0.00022842714920903625, 0.000221948503013026, 0.00021565828138259217, 0.00020955075896645508, 0.0002036203950166454, 0.0001978618273202712, 0.0001922698663008776, 0.00018683948927252484, 0.00018156583484817655, 0.0001764441974994092, 0.00017147002227276448, 0.0001666388996543954, 0.0001619465605925281, 0.0001573888716792257, 0.00015296183048389478, 0.0001486615610452005, 0.00014448430952171697, 0.00014042643998926329, 0.0001364844303964161, 0.00013265486866440235, 0.00012893444893087263, 0.00012531996793490788, 0.00012180832154097825, 0.00011839650138775435, 0.0001150815916684044, 0.00011186076603363881, 0.00010873128460504374, 0.00010569049110973419, 0.00010273581011529837, 9.986474437230397e-5, 9.707487225164019e-5, 9.436384528066185e-5, 9.172938576493393e-5, 8.916928450218302e-5, 8.6681398572719e-5, 8.426364921571382e-5, 8.191401977443373e-5, 7.963055372023071e-5, 7.741135274385952e-5, 7.525457491261897e-5, 7.31584328946894e-5, 7.11211922410195e-5, 6.914116973087963e-5, 6.721673177146302e-5, 6.53462928497313e-5, 6.352831404462221e-5, 6.1761301579883e-5, 6.0043805433366345e-5, 5.837441798952711e-5, 5.675177273485727e-5, 5.5174543003157694e-5, 5.364144075306364e-5, 5.215121539552507e-5, 5.0702652652700354e-5, 4.929457345707525e-5, 4.792583288798998e-5, 4.659531913664544e-5, 4.5301952513615554e-5, 4.404468447989681e-5, 4.282249671368584e-5, 4.163440020719418e-5, 4.0479434389317515e-5, 3.935666627961928e-5, 3.826518966477156e-5, 3.720412430785768e-5, 3.617261517494299e-5, 3.516983169049424e-5, 3.419496701562749e-5, 3.324723734856393e-5, 3.232588124496607e-5, 3.143015896304563e-5, 3.0559351824861254e-5, 2.9712761601678495e-5, 2.8889709913573857e-5, 2.8089537651869045e-5, 2.7311604415682295e-5, 2.6555287967874053e-5, 2.581998370852144e-5, 2.510510415850267e-5, 2.4410078468133472e-5, 2.3734351931905327e-5, 2.3077385523856575e-5, 2.2438655441907706e-5, 2.1817652672693158e-5, 2.121388256018165e-5, 2.062686439807699e-5, 2.0056131022562807e-5, 1.9501228428833854e-5, 1.896171539128189e-5, 1.8437163095148437e-5, 1.7927154784390244e-5, 1.7431285415695086e-5, 1.6949161322020504e-5, 1.6480399889860366e-5, 1.6024629244159048e-5, 1.5581487939007692e-5, 1.5150624665845315e-5, 1.473169795912125e-5, 1.4324375920677613e-5, 1.3928335946501631e-5, 1.3543264463494593e-5, 1.3168856671889419e-5, 1.2804816298114239e-5, 1.24508553524438e-5, 1.2106693895040692e-5, 1.1772059806716466e-5, 1.1446688571067035e-5, 1.113032305639352e-5, 1.0822713308588488e-5, 1.0523616348977626e-5, 1.0232795977491868e-5, 9.950022580695189e-6, 9.675072947254114e-6, 9.407730087436941e-6, 9.147783058597534e-6, 8.895026793170757e-6, 8.649261936486286e-6, 8.410294684040312e-6, 8.177936626498048e-6, 7.952004597578817e-6, 7.732320528726662e-6, 7.518711303504727e-6, 7.311008621202681e-6, 7.109048861134938e-6, 6.912672950744275e-6, 6.7217262394904875e-6, 6.536058373642766e-6, 6.355523178412705e-6, 6.179978538418725e-6, 6.009286286126134e-6, 5.843312090798193e-6, 5.681925351332787e-6, 5.524999092145888e-6, 5.372409861863031e-6, 5.224037635093093e-6, 5.0797657177788156e-6, 4.939480652225701e-6, 4.803072127784452e-6, 4.670432894694979e-6, 4.541458676512837e-6, 4.41604808816202e-6, 4.294102555971253e-6, 4.175526238216296e-6, 4.060225949945664e-6, 3.9481110892829e-6, 3.839093564516241e-6, 3.733087724437263e-6, 3.630010291628164e-6, 3.5297802958608703e-6, 3.4323190085915505e-6, 3.3375498823176087e-6, 3.2453984895484875e-6, 3.155792464559729e-6, 3.0686614442781794e-6, 2.9839370137188598e-6, 2.90155265275966e-6, 2.8214436818048e-6, 2.7435472119929203e-6, 2.6678020952079802e-6, 2.5941488749714023e-6, 2.5225297414260662e-6, 2.452888482363441e-6, 2.3851704427278213e-6, 2.3193224786333612e-6, 2.255292917098541e-6, 2.19303151423083e-6, 2.132489415140375e-6, 2.0736191177875887e-6, 2.016374433519902e-6, 1.9607104495112257e-6, 1.9065834978923948e-6, 1.853951115893734e-6, 1.802772015652103e-6, 1.753006051751339e-6, 1.7046141871762983e-6, 1.6575584661557494e-6, 1.611801980023688e-6, 1.5673088430829027e-6, 1.5240441587228137e-6, 1.4819739973431682e-6, 1.4410653662617148e-6, 1.4012861845297097e-6, 1.362605258229936e-6, 1.3249922553719144e-6, 1.2884176826588538e-6, 1.2528528604642249e-6, 1.2182699047233296e-6, 1.1846416983791581e-6, 1.1519418760482794e-6, 1.120144799693948e-6, 1.0892255408692413e-6, 1.059159858173958e-6, 1.029924181843527e-6, 1.0014955922599406e-6, 9.738518023127665e-7, 9.469711426906563e-7, 9.208325413127863e-7, 8.954155080890268e-7, 8.707001190160764e-7, 8.466670018195363e-7, 8.232973171349701e-7, 8.005727477321692e-7, 7.784754819487025e-7, 7.569881999350989e-7, 7.360940593366695e-7, 7.157766842222963e-7, 6.960201514391528e-7, 6.768089763982329e-7, 6.581281017142956e-7, 6.399628874143632e-7, 6.222990968216706e-7, 6.051228870936801e-7, 5.884207970503702e-7, 5.721797372337467e-7, 5.563869806487927e-7, 5.410301501182593e-7, 5.260972114763687e-7, 5.115764630268889e-7, 4.974565251209646e-7, 4.837263338477708e-7, 4.7037512851154497e-7, 4.5739244851656223e-7, 4.447681190793938e-7, 4.3249224877218597e-7, 4.20555218060268e-7, 4.0894767305886016e-7, 3.9766051882289436e-7, 3.866849106042492e-7, 3.7601224867811874e-7, 3.6563416995506915e-7, 3.5554254352208457e-7, 3.457294612853389e-7, 3.361872342484382e-7, 3.26908386504595e-7, 3.1788564767480307e-7, 3.091119480422706e-7, 3.0058041311208726e-7, 2.922843586391606e-7, 2.8421728447788035e-7, 2.763728699245484e-7, 2.687449688608259e-7, 2.6132760533668704e-7, 2.541149680220497e-7, 2.471014053410585e-7, 2.4028142207873976e-7, 2.336496760016904e-7, 2.2720097035880162e-7, 2.2093025400902728e-7, 2.1483261304473914e-7, 2.0890327010393965e-7, 2.0313758060744363e-7, 1.9753102651447994e-7, 1.9207921619464682e-7, 1.8677787811883733e-7, 1.8162285893583768e-7, 1.7661011989745107e-7, 1.7173573435024326e-7, 1.669958830272094e-7, 1.6238685269265413e-7, 1.5790503258929267e-7, 1.535469114385591e-7, 1.4930907530568666e-7, 1.4518820411765009e-7, 1.4118106883830214e-7, 1.3728453131225075e-7, 1.3349553800729365e-7, 1.2981112139997106e-7, 1.2622839411560545e-7, 1.227445499971942e-7, 1.1935686011795688e-7, 1.1606267009154682e-7, 1.1285939930343765e-7, 1.0974453823020828e-7, 1.0671564723379571e-7, 1.0377035267565316e-7, 1.0090634801874797e-7, 9.812138922621734e-8, 9.541329458487068e-8, 9.277994297235191e-8, 9.021927075905511e-8, 8.772927258459044e-8, 8.530799743502253e-8, 8.295354888993886e-8, 8.066408227272319e-8, 7.84378040549564e-8, 7.627297043451129e-8, 7.416788550818336e-8, 7.212089962026002e-8, 7.013041022346234e-8, 6.819485751272685e-8, 6.631272479419545e-8, 6.448253791101963e-8, 6.270286361165528e-8, 6.097230791402199e-8, 5.9289514243109554e-8, 5.765316496273416e-8, 5.6061978487028965e-8, 5.451470765997077e-8, 5.3010140317967104e-8, 5.154709853246866e-8, 5.012443584144141e-8, 4.87410378572675e-8, 4.73958209815223e-8, 4.6087731447916316e-8, 4.481574389191355e-8, 4.3578862915370115e-8, 4.237611891496316e-8, 4.1206570078824855e-8, 4.0069299968643683e-8, 3.896341768358151e-8, 3.788805705108359e-8, 3.684237577822945e-8, 3.5825554809536575e-8, 3.4836797272857484e-8, 3.387532874812458e-8, 3.294039577514185e-8, 3.203126702790678e-8, 3.114722918983449e-8, 3.0287590174111554e-8, 2.945167655481746e-8, 2.8638833558783187e-8, 2.784842478845454e-8, 2.707983042223152e-8, 2.6332449359199622e-8, 2.5605694639789104e-8, 2.4898998240771752e-8, 2.4211806158636807e-8, 2.3543580075254286e-8, 2.2893796151031832e-8, 2.2261946053652847e-8, 2.1647534673915368e-8, 2.1050080512298707e-8, 2.0469115812310214e-8, 1.9904184971431485e-8, 1.935484594159142e-8, 1.8820668246689654e-8, 1.8301232992782142e-8, 1.7796134443739702e-8, 1.730497586466804e-8, 1.68273728540604e-8, 1.636295179031691e-8, 1.5911347839714335e-8, 1.5472207815321967e-8, 1.5045188240662734e-8, 1.4629953747600204e-8, 1.4226178888436538e-8, 1.3833548634076992e-8, 1.3451754154048305e-8, 1.3080497076340327e-8, 1.2719486232095146e-8, 1.2368439653190555e-8, 1.2027080989682558e-8, 1.1695143840659518e-8, 1.1372367615757849e-8, 1.1058500067451142e-8, 1.0753294929028658e-8, 1.0456513318890287e-8, 1.0167922472723725e-8, 9.887296306760888e-9, 9.614415483697887e-9, 9.349066109934526e-9, 9.09103954734778e-9, 8.840134764604526e-9, 8.596154954724962e-9, 8.35890827020295e-9, 8.12820963759996e-9, 7.903877976967933e-9, 7.685737743429989e-9, 7.473617640535043e-9, 7.267352955344284e-9, 7.066779435766338e-9, 6.871742935296365e-9, 6.682088899493355e-9, 6.4976689315466395e-9, 6.3183390061150315e-9, 6.143958049567499e-9, 5.97439022560368e-9, 5.8095022762115865e-9, 5.649165089000633e-9, 5.49325292242929e-9, 5.341644251157145e-9, 5.194219305610191e-9, 5.050863557077391e-9, 4.911463867386403e-9, 4.775911458215775e-9, 4.64410074249808e-9, 4.5159276283415104e-9, 4.391291880561169e-9, 4.270096422675122e-9, 4.152245321237673e-9, 4.037647173947511e-9, 3.926211145795836e-9, 3.817851225001596e-9, 3.7124820114790474e-9, 3.6100206034816475e-9, 3.510387186219083e-9, 3.413503760610113e-9, 3.3192939778500976e-9, 3.2276843067405917e-9, 3.138603066404187e-9, 3.0519800316000543e-9, 2.9677481510584136e-9, 2.8858409493684285e-9, 2.8061941484426765e-9, 2.7287460326081708e-9, 2.6534348607455124e-9, 2.580202426558492e-9, 2.508991150680256e-9, 2.439745187669756e-9, 2.37240988339274e-9, 2.306933841182153e-9, 2.243264525295374e-9, 2.181352003216316e-9, 2.1211487853316313e-9, 2.0626071920146603e-9, 2.005680784415026e-9, 1.9503259310887373e-9, 1.8964985300587196e-9, 1.8441569605609489e-9, 1.7932596019703814e-9, 1.7437672191408126e-9, 1.695640825092056e-9, 1.648842773829285e-9, 1.603336139928665e-9, 1.5590853728320287e-9, 1.5160558749388e-9, 1.4742140788409913e-9, 1.4335272441537203e-9, 1.3939629316933198e-9, 1.3554910111203822e-9, 1.3180806946374051e-9, 1.2817028269844366e-9, 1.246328967609194e-9, 1.2119311901433658e-9, 1.1784831884597734e-9, 1.1459577597816206e-9, 1.1143305495627974e-9, 1.0835759155681194e-9, 1.0536701248744069e-9, 1.0245899890585643e-9, 9.963121586939858e-10, 9.688147914503794e-10, 9.420763575280572e-10, 9.160757792962069e-10, 8.907930158728088e-10, 8.662076616813043e-10, 8.423011730965547e-10, 8.190542640606484e-10, 7.964494260659793e-10, 7.744678645725995e-10, 7.530932442363538e-10, 7.32308278863153e-10, 7.12097658708498e-10, 6.924441262632795e-10, 6.73333332974643e-10, 6.547498625472524e-10, 6.366795746372211e-10, 6.191074874066329e-10, 6.020207262111332e-10, 5.854053988846302e-10, 5.69248820675827e-10, 5.535378074591161e-10, 5.382610660138854e-10, 5.234055667078493e-10, 5.089596120912914e-10, 4.949131624422381e-10, 4.812537700930907e-10, 4.679715414899645e-10, 4.5505571849935787e-10, 4.424969474915433e-10, 4.302844290886261e-10, 4.1840914735228e-10, 4.068610732408083e-10, 3.956315743587918e-10, 3.8471283269041384e-10, 3.74095086943836e-10, 3.637704043506448e-10, 3.537306920608792e-10, 3.4396805124259837e-10, 3.344749633931854e-10, 3.252433922248539e-10, 3.1626746427870384e-10, 3.0753842360685824e-10, 2.9905081028367167e-10, 2.9079741609718667e-10, 2.8277134485490615e-10, 2.7496724104392374e-10, 2.673782459346863e-10, 2.5999877675030384e-10, 2.528227720705298e-10, 2.4584554841290046e-10, 2.390601891083134e-10, 2.3246244409349067e-10, 2.260467669324778e-10, 2.1980800041100547e-10, 2.1374155283751923e-10, 2.0784233648095944e-10, 2.021060272402434e-10, 1.965280419854995e-10, 1.9110396164368724e-10, 1.858295983686167e-10, 1.807012255783291e-10, 1.7571398272873254e-10, 1.708642956632816e-10, 1.6614855120403075e-10, 1.6156305848365e-10, 1.5710392215054448e-10, 1.5276830231618058e-10, 1.485520243298074e-10, 1.4445191895814265e-10, 1.4046501822118188e-10, 1.3658844801790575e-10, 1.3281886713515822e-10, 1.2915295490388287e-10, 1.2558868049586576e-10, 1.2212251566704886e-10, 1.187518656363146e-10, 1.1547467992256165e-10, 1.1228730512952875e-10, 1.0918845349710232e-10, 1.0617498786063191e-10, 1.0324446145656005e-10, 1.0039512602120646e-10, 9.76238675504605e-11]",SIS
