algorithm,convergence_rate
AA-ETD,"[0.0, 0.0, 0.0, 0.0, 0.0, 0.0, 0.0, 0.25, 0.6, 0.83, 0.89, 0.97, 1.0, 1.0, 1.0, 1.0, 1.0, 1.0, 1.0, 1.0, 1.0]"
NA-SD,"[0.0, 0.0, 0.0, 0.0, 0.0, 0.0, 0.0, 0.22, 0.56, 0.83, 0.89, 0.96, 0.97, 1.0, 1.0, 1.0, 1.0, 1.0, 1.0, 1.0, 1.0]"
OA-ETD,"[0.0, 0.0, 0.0, 0.0, 0.0, 0.0, 0.0, 0.09, 0.33, 0.7, 0.9, 0.95, 0.95, 0.99, 0.98, 1.0, 0.98, 1.0, 1.0, 1.0, 1.0]"
AA-SD,"[0.0, 0.0, 0.0, 0.0, 0.0, 0.0, 0.0, 0.09, 0.48, 0.75, 0.89, 0.95, 0.97, 1.0, 1.0, 1.0, 1.0, 1.0, 1.0, 1.0, 1.0]"
OA-SD,"[0.0, 0.0, 0.0, 0.0, 0.0, 0.0, 0.0, 0.15, 0.49, 0.75, 0.88, 0.93, 0.95, 0.98, 0.98, 1.0, 1.0, 1.0, 1.0, 1.0, 1.0]"
NA-SIS,"[0.0, 0.0, 0.0, 0.0, 0.0, 0.0, 0.01, 0.2, 0.55, 0.84, 0.89, 0.94, 0.97, 1.0, 1.0, 1.0, 1.0, 1.0, 1.0, 1.0, 1.0]"
AA-SIS,"[0.0, 0.0, 0.0, 0.0, 0.0, 0.0, 0.0, 0.24, 0.57, 0.82, 0.89, 0.97, 1.0, 1.0, 1.0, 1.0, 1.0, 1.0, 1.0, 1.0, 1.0]"
NA-ETD,"[0.0, 0.0, 0.0, 0.0, 0.0, 0.0, 0.0, 0.21, 0.59, 0.83, 0.9, 0.94, 0.97, 1.0, 1.0, 1.0, 1.0, 1.0, 1.0, 1.0, 1.0]"
OA-SIS,"[0.0, 0.0, 0.0, 0.0, 0.0, 0.0, 0.0, 0.05, 0.32, 0.68, 0.85, 0.94, 0.94, 0.98, 1.0, 0.99, 0.98, 1.0, 1.0, 1.0, 1.0]"
